id,name,age,gender,state
1,姓名1,23,男,1
2,姓名2,23,男,1
3,姓名3,23,男,1
4,姓名4,23,男,1
5,姓名5,23,男,1
6,姓名6,23,男,1
7,姓名7,23,男,1
8,姓名8,23,男,1
9,姓名9,23,男,1
10,姓名10,23,男,1
11,姓名11,23,男,1
12,姓名12,23,男,1
13,姓名13,23,男,1
14,姓名14,23,男,1
15,姓名15,23,男,1
16,姓名16,23,男,1
17,姓名17,23,男,1
18,姓名18,23,男,1
19,姓名19,23,男,1
20,姓名20,23,男,1
21,姓名21,23,男,1
22,姓名22,23,男,1
23,姓名23,23,男,1
24,姓名24,23,男,1
25,姓名25,23,男,1
26,姓名26,23,男,1
27,姓名27,23,男,1
28,姓名28,23,男,1
29,姓名29,23,男,1
30,姓名30,23,男,1
31,姓名31,23,男,1
32,姓名32,23,男,1
33,姓名33,23,男,1
34,姓名34,23,男,1
35,姓名35,23,男,1
36,姓名36,23,男,1
37,姓名37,23,男,1
38,姓名38,23,男,1
39,姓名39,23,男,1
40,姓名40,23,男,1
41,姓名41,23,男,1
42,姓名42,23,男,1
43,姓名43,23,男,1
44,姓名44,23,男,1
45,姓名45,23,男,1
46,姓名46,23,男,1
47,姓名47,23,男,1
48,姓名48,23,男,1
49,姓名49,23,男,1
50,姓名50,23,男,1
51,姓名51,23,男,1
52,姓名52,23,男,1
53,姓名53,23,男,1
54,姓名54,23,男,1
55,姓名55,23,男,1
56,姓名56,23,男,1
57,姓名57,23,男,1
58,姓名58,23,男,1
59,姓名59,23,男,1
60,姓名60,23,男,1
61,姓名61,23,男,1
62,姓名62,23,男,1
63,姓名63,23,男,1
64,姓名64,23,男,1
65,姓名65,23,男,1
66,姓名66,23,男,1
67,姓名67,23,男,1
68,姓名68,23,男,1
69,姓名69,23,男,1
70,姓名70,23,男,1
71,姓名71,23,男,1
72,姓名72,23,男,1
73,姓名73,23,男,1
74,姓名74,23,男,1
75,姓名75,23,男,1
76,姓名76,23,男,1
77,姓名77,23,男,1
78,姓名78,23,男,1
79,姓名79,23,男,1
80,姓名80,23,男,1
81,姓名81,23,男,1
82,姓名82,23,男,1
83,姓名83,23,男,1
84,姓名84,23,男,1
85,姓名85,23,男,1
86,姓名86,23,男,1
87,姓名87,23,男,1
88,姓名88,23,男,1
89,姓名89,23,男,1
90,姓名90,23,男,1
91,姓名91,23,男,1
92,姓名92,23,男,1
93,姓名93,23,男,1
94,姓名94,23,男,1
95,姓名95,23,男,1
96,姓名96,23,男,1
97,姓名97,23,男,1
98,姓名98,23,男,1
99,姓名99,23,男,1
100,姓名100,23,男,1
101,姓名101,23,男,1
102,姓名102,23,男,1
103,姓名103,23,男,1
104,姓名104,23,男,1
105,姓名105,23,男,1
106,姓名106,23,男,1
107,姓名107,23,男,1
108,姓名108,23,男,1
109,姓名109,23,男,1
110,姓名110,23,男,1
111,姓名111,23,男,1
112,姓名112,23,男,1
113,姓名113,23,男,1
114,姓名114,23,男,1
115,姓名115,23,男,1
116,姓名116,23,男,1
117,姓名117,23,男,1
118,姓名118,23,男,1
119,姓名119,23,男,1
120,姓名120,23,男,1
121,姓名121,23,男,1
122,姓名122,23,男,1
123,姓名123,23,男,1
124,姓名124,23,男,1
125,姓名125,23,男,1
126,姓名126,23,男,1
127,姓名127,23,男,1
128,姓名128,23,男,1
129,姓名129,23,男,1
130,姓名130,23,男,1
131,姓名131,23,男,1
132,姓名132,23,男,1
133,姓名133,23,男,1
134,姓名134,23,男,1
135,姓名135,23,男,1
136,姓名136,23,男,1
137,姓名137,23,男,1
138,姓名138,23,男,1
139,姓名139,23,男,1
140,姓名140,23,男,1
141,姓名141,23,男,1
142,姓名142,23,男,1
143,姓名143,23,男,1
144,姓名144,23,男,1
145,姓名145,23,男,1
146,姓名146,23,男,1
147,姓名147,23,男,1
148,姓名148,23,男,1
149,姓名149,23,男,1
150,姓名150,23,男,1
151,姓名151,23,男,1
152,姓名152,23,男,1
153,姓名153,23,男,1
154,姓名154,23,男,1
155,姓名155,23,男,1
156,姓名156,23,男,1
157,姓名157,23,男,1
158,姓名158,23,男,1
159,姓名159,23,男,1
160,姓名160,23,男,1
161,姓名161,23,男,1
162,姓名162,23,男,1
163,姓名163,23,男,1
164,姓名164,23,男,1
165,姓名165,23,男,1
166,姓名166,23,男,1
167,姓名167,23,男,1
168,姓名168,23,男,1
169,姓名169,23,男,1
170,姓名170,23,男,1
171,姓名171,23,男,1
172,姓名172,23,男,1
173,姓名173,23,男,1
174,姓名174,23,男,1
175,姓名175,23,男,1
176,姓名176,23,男,1
177,姓名177,23,男,1
178,姓名178,23,男,1
179,姓名179,23,男,1
180,姓名180,23,男,1
181,姓名181,23,男,1
182,姓名182,23,男,1
183,姓名183,23,男,1
184,姓名184,23,男,1
185,姓名185,23,男,1
186,姓名186,23,男,1
187,姓名187,23,男,1
188,姓名188,23,男,1
189,姓名189,23,男,1
190,姓名190,23,男,1
191,姓名191,23,男,1
192,姓名192,23,男,1
193,姓名193,23,男,1
194,姓名194,23,男,1
195,姓名195,23,男,1
196,姓名196,23,男,1
197,姓名197,23,男,1
198,姓名198,23,男,1
199,姓名199,23,男,1
200,姓名200,23,男,1
201,姓名201,23,男,1
202,姓名202,23,男,1
203,姓名203,23,男,1
204,姓名204,23,男,1
205,姓名205,23,男,1
206,姓名206,23,男,1
207,姓名207,23,男,1
208,姓名208,23,男,1
209,姓名209,23,男,1
210,姓名210,23,男,1
211,姓名211,23,男,1
212,姓名212,23,男,1
213,姓名213,23,男,1
214,姓名214,23,男,1
215,姓名215,23,男,1
216,姓名216,23,男,1
217,姓名217,23,男,1
218,姓名218,23,男,1
219,姓名219,23,男,1
220,姓名220,23,男,1
221,姓名221,23,男,1
222,姓名222,23,男,1
223,姓名223,23,男,1
224,姓名224,23,男,1
225,姓名225,23,男,1
226,姓名226,23,男,1
227,姓名227,23,男,1
228,姓名228,23,男,1
229,姓名229,23,男,1
230,姓名230,23,男,1
231,姓名231,23,男,1
232,姓名232,23,男,1
233,姓名233,23,男,1
234,姓名234,23,男,1
235,姓名235,23,男,1
236,姓名236,23,男,1
237,姓名237,23,男,1
238,姓名238,23,男,1
239,姓名239,23,男,1
240,姓名240,23,男,1
241,姓名241,23,男,1
242,姓名242,23,男,1
243,姓名243,23,男,1
244,姓名244,23,男,1
245,姓名245,23,男,1
246,姓名246,23,男,1
247,姓名247,23,男,1
248,姓名248,23,男,1
249,姓名249,23,男,1
250,姓名250,23,男,1
251,姓名251,23,男,1
252,姓名252,23,男,1
253,姓名253,23,男,1
254,姓名254,23,男,1
255,姓名255,23,男,1
256,姓名256,23,男,1
257,姓名257,23,男,1
258,姓名258,23,男,1
259,姓名259,23,男,1
260,姓名260,23,男,1
261,姓名261,23,男,1
262,姓名262,23,男,1
263,姓名263,23,男,1
264,姓名264,23,男,1
265,姓名265,23,男,1
266,姓名266,23,男,1
267,姓名267,23,男,1
268,姓名268,23,男,1
269,姓名269,23,男,1
270,姓名270,23,男,1
271,姓名271,23,男,1
272,姓名272,23,男,1
273,姓名273,23,男,1
274,姓名274,23,男,1
275,姓名275,23,男,1
276,姓名276,23,男,1
277,姓名277,23,男,1
278,姓名278,23,男,1
279,姓名279,23,男,1
280,姓名280,23,男,1
281,姓名281,23,男,1
282,姓名282,23,男,1
283,姓名283,23,男,1
284,姓名284,23,男,1
285,姓名285,23,男,1
286,姓名286,23,男,1
287,姓名287,23,男,1
288,姓名288,23,男,1
289,姓名289,23,男,1
290,姓名290,23,男,1
291,姓名291,23,男,1
292,姓名292,23,男,1
293,姓名293,23,男,1
294,姓名294,23,男,1
295,姓名295,23,男,1
296,姓名296,23,男,1
297,姓名297,23,男,1
298,姓名298,23,男,1
299,姓名299,23,男,1
300,姓名300,23,男,1
301,姓名301,23,男,1
302,姓名302,23,男,1
303,姓名303,23,男,1
304,姓名304,23,男,1
305,姓名305,23,男,1
306,姓名306,23,男,1
307,姓名307,23,男,1
308,姓名308,23,男,1
309,姓名309,23,男,1
310,姓名310,23,男,1
311,姓名311,23,男,1
312,姓名312,23,男,1
313,姓名313,23,男,1
314,姓名314,23,男,1
315,姓名315,23,男,1
316,姓名316,23,男,1
317,姓名317,23,男,1
318,姓名318,23,男,1
319,姓名319,23,男,1
320,姓名320,23,男,1
321,姓名321,23,男,1
322,姓名322,23,男,1
323,姓名323,23,男,1
324,姓名324,23,男,1
325,姓名325,23,男,1
326,姓名326,23,男,1
327,姓名327,23,男,1
328,姓名328,23,男,1
329,姓名329,23,男,1
330,姓名330,23,男,1
331,姓名331,23,男,1
332,姓名332,23,男,1
333,姓名333,23,男,1
334,姓名334,23,男,1
335,姓名335,23,男,1
336,姓名336,23,男,1
337,姓名337,23,男,1
338,姓名338,23,男,1
339,姓名339,23,男,1
340,姓名340,23,男,1
341,姓名341,23,男,1
342,姓名342,23,男,1
343,姓名343,23,男,1
344,姓名344,23,男,1
345,姓名345,23,男,1
346,姓名346,23,男,1
347,姓名347,23,男,1
348,姓名348,23,男,1
349,姓名349,23,男,1
350,姓名350,23,男,1
351,姓名351,23,男,1
352,姓名352,23,男,1
353,姓名353,23,男,1
354,姓名354,23,男,1
355,姓名355,23,男,1
356,姓名356,23,男,1
357,姓名357,23,男,1
358,姓名358,23,男,1
359,姓名359,23,男,1
360,姓名360,23,男,1
361,姓名361,23,男,1
362,姓名362,23,男,1
363,姓名363,23,男,1
364,姓名364,23,男,1
365,姓名365,23,男,1
366,姓名366,23,男,1
367,姓名367,23,男,1
368,姓名368,23,男,1
369,姓名369,23,男,1
370,姓名370,23,男,1
371,姓名371,23,男,1
372,姓名372,23,男,1
373,姓名373,23,男,1
374,姓名374,23,男,1
375,姓名375,23,男,1
376,姓名376,23,男,1
377,姓名377,23,男,1
378,姓名378,23,男,1
379,姓名379,23,男,1
380,姓名380,23,男,1
381,姓名381,23,男,1
382,姓名382,23,男,1
383,姓名383,23,男,1
384,姓名384,23,男,1
385,姓名385,23,男,1
386,姓名386,23,男,1
387,姓名387,23,男,1
388,姓名388,23,男,1
389,姓名389,23,男,1
390,姓名390,23,男,1
391,姓名391,23,男,1
392,姓名392,23,男,1
393,姓名393,23,男,1
394,姓名394,23,男,1
395,姓名395,23,男,1
396,姓名396,23,男,1
397,姓名397,23,男,1
398,姓名398,23,男,1
399,姓名399,23,男,1
400,姓名400,23,男,1
401,姓名401,23,男,1
402,姓名402,23,男,1
403,姓名403,23,男,1
404,姓名404,23,男,1
405,姓名405,23,男,1
406,姓名406,23,男,1
407,姓名407,23,男,1
408,姓名408,23,男,1
409,姓名409,23,男,1
410,姓名410,23,男,1
411,姓名411,23,男,1
412,姓名412,23,男,1
413,姓名413,23,男,1
414,姓名414,23,男,1
415,姓名415,23,男,1
416,姓名416,23,男,1
417,姓名417,23,男,1
418,姓名418,23,男,1
419,姓名419,23,男,1
420,姓名420,23,男,1
421,姓名421,23,男,1
422,姓名422,23,男,1
423,姓名423,23,男,1
424,姓名424,23,男,1
425,姓名425,23,男,1
426,姓名426,23,男,1
427,姓名427,23,男,1
428,姓名428,23,男,1
429,姓名429,23,男,1
430,姓名430,23,男,1
431,姓名431,23,男,1
432,姓名432,23,男,1
433,姓名433,23,男,1
434,姓名434,23,男,1
435,姓名435,23,男,1
436,姓名436,23,男,1
437,姓名437,23,男,1
438,姓名438,23,男,1
439,姓名439,23,男,1
440,姓名440,23,男,1
441,姓名441,23,男,1
442,姓名442,23,男,1
443,姓名443,23,男,1
444,姓名444,23,男,1
445,姓名445,23,男,1
446,姓名446,23,男,1
447,姓名447,23,男,1
448,姓名448,23,男,1
449,姓名449,23,男,1
450,姓名450,23,男,1
451,姓名451,23,男,1
452,姓名452,23,男,1
453,姓名453,23,男,1
454,姓名454,23,男,1
455,姓名455,23,男,1
456,姓名456,23,男,1
457,姓名457,23,男,1
458,姓名458,23,男,1
459,姓名459,23,男,1
460,姓名460,23,男,1
461,姓名461,23,男,1
462,姓名462,23,男,1
463,姓名463,23,男,1
464,姓名464,23,男,1
465,姓名465,23,男,1
466,姓名466,23,男,1
467,姓名467,23,男,1
468,姓名468,23,男,1
469,姓名469,23,男,1
470,姓名470,23,男,1
471,姓名471,23,男,1
472,姓名472,23,男,1
473,姓名473,23,男,1
474,姓名474,23,男,1
475,姓名475,23,男,1
476,姓名476,23,男,1
477,姓名477,23,男,1
478,姓名478,23,男,1
479,姓名479,23,男,1
480,姓名480,23,男,1
481,姓名481,23,男,1
482,姓名482,23,男,1
483,姓名483,23,男,1
484,姓名484,23,男,1
485,姓名485,23,男,1
486,姓名486,23,男,1
487,姓名487,23,男,1
488,姓名488,23,男,1
489,姓名489,23,男,1
490,姓名490,23,男,1
491,姓名491,23,男,1
492,姓名492,23,男,1
493,姓名493,23,男,1
494,姓名494,23,男,1
495,姓名495,23,男,1
496,姓名496,23,男,1
497,姓名497,23,男,1
498,姓名498,23,男,1
499,姓名499,23,男,1
500,姓名500,23,男,1
501,姓名501,23,男,1
502,姓名502,23,男,1
503,姓名503,23,男,1
504,姓名504,23,男,1
505,姓名505,23,男,1
506,姓名506,23,男,1
507,姓名507,23,男,1
508,姓名508,23,男,1
509,姓名509,23,男,1
510,姓名510,23,男,1
511,姓名511,23,男,1
512,姓名512,23,男,1
513,姓名513,23,男,1
514,姓名514,23,男,1
515,姓名515,23,男,1
516,姓名516,23,男,1
517,姓名517,23,男,1
518,姓名518,23,男,1
519,姓名519,23,男,1
520,姓名520,23,男,1
521,姓名521,23,男,1
522,姓名522,23,男,1
523,姓名523,23,男,1
524,姓名524,23,男,1
525,姓名525,23,男,1
526,姓名526,23,男,1
527,姓名527,23,男,1
528,姓名528,23,男,1
529,姓名529,23,男,1
530,姓名530,23,男,1
531,姓名531,23,男,1
532,姓名532,23,男,1
533,姓名533,23,男,1
534,姓名534,23,男,1
535,姓名535,23,男,1
536,姓名536,23,男,1
537,姓名537,23,男,1
538,姓名538,23,男,1
539,姓名539,23,男,1
540,姓名540,23,男,1
541,姓名541,23,男,1
542,姓名542,23,男,1
543,姓名543,23,男,1
544,姓名544,23,男,1
545,姓名545,23,男,1
546,姓名546,23,男,1
547,姓名547,23,男,1
548,姓名548,23,男,1
549,姓名549,23,男,1
550,姓名550,23,男,1
551,姓名551,23,男,1
552,姓名552,23,男,1
553,姓名553,23,男,1
554,姓名554,23,男,1
555,姓名555,23,男,1
556,姓名556,23,男,1
557,姓名557,23,男,1
558,姓名558,23,男,1
559,姓名559,23,男,1
560,姓名560,23,男,1
561,姓名561,23,男,1
562,姓名562,23,男,1
563,姓名563,23,男,1
564,姓名564,23,男,1
565,姓名565,23,男,1
566,姓名566,23,男,1
567,姓名567,23,男,1
568,姓名568,23,男,1
569,姓名569,23,男,1
570,姓名570,23,男,1
571,姓名571,23,男,1
572,姓名572,23,男,1
573,姓名573,23,男,1
574,姓名574,23,男,1
575,姓名575,23,男,1
576,姓名576,23,男,1
577,姓名577,23,男,1
578,姓名578,23,男,1
579,姓名579,23,男,1
580,姓名580,23,男,1
581,姓名581,23,男,1
582,姓名582,23,男,1
583,姓名583,23,男,1
584,姓名584,23,男,1
585,姓名585,23,男,1
586,姓名586,23,男,1
587,姓名587,23,男,1
588,姓名588,23,男,1
589,姓名589,23,男,1
590,姓名590,23,男,1
591,姓名591,23,男,1
592,姓名592,23,男,1
593,姓名593,23,男,1
594,姓名594,23,男,1
595,姓名595,23,男,1
596,姓名596,23,男,1
597,姓名597,23,男,1
598,姓名598,23,男,1
599,姓名599,23,男,1
600,姓名600,23,男,1
601,姓名601,23,男,1
602,姓名602,23,男,1
603,姓名603,23,男,1
604,姓名604,23,男,1
605,姓名605,23,男,1
606,姓名606,23,男,1
607,姓名607,23,男,1
608,姓名608,23,男,1
609,姓名609,23,男,1
610,姓名610,23,男,1
611,姓名611,23,男,1
612,姓名612,23,男,1
613,姓名613,23,男,1
614,姓名614,23,男,1
615,姓名615,23,男,1
616,姓名616,23,男,1
617,姓名617,23,男,1
618,姓名618,23,男,1
619,姓名619,23,男,1
620,姓名620,23,男,1
621,姓名621,23,男,1
622,姓名622,23,男,1
623,姓名623,23,男,1
624,姓名624,23,男,1
625,姓名625,23,男,1
626,姓名626,23,男,1
627,姓名627,23,男,1
628,姓名628,23,男,1
629,姓名629,23,男,1
630,姓名630,23,男,1
631,姓名631,23,男,1
632,姓名632,23,男,1
633,姓名633,23,男,1
634,姓名634,23,男,1
635,姓名635,23,男,1
636,姓名636,23,男,1
637,姓名637,23,男,1
638,姓名638,23,男,1
639,姓名639,23,男,1
640,姓名640,23,男,1
641,姓名641,23,男,1
642,姓名642,23,男,1
643,姓名643,23,男,1
644,姓名644,23,男,1
645,姓名645,23,男,1
646,姓名646,23,男,1
647,姓名647,23,男,1
648,姓名648,23,男,1
649,姓名649,23,男,1
650,姓名650,23,男,1
651,姓名651,23,男,1
652,姓名652,23,男,1
653,姓名653,23,男,1
654,姓名654,23,男,1
655,姓名655,23,男,1
656,姓名656,23,男,1
657,姓名657,23,男,1
658,姓名658,23,男,1
659,姓名659,23,男,1
660,姓名660,23,男,1
661,姓名661,23,男,1
662,姓名662,23,男,1
663,姓名663,23,男,1
664,姓名664,23,男,1
665,姓名665,23,男,1
666,姓名666,23,男,1
667,姓名667,23,男,1
668,姓名668,23,男,1
669,姓名669,23,男,1
670,姓名670,23,男,1
671,姓名671,23,男,1
672,姓名672,23,男,1
673,姓名673,23,男,1
674,姓名674,23,男,1
675,姓名675,23,男,1
676,姓名676,23,男,1
677,姓名677,23,男,1
678,姓名678,23,男,1
679,姓名679,23,男,1
680,姓名680,23,男,1
681,姓名681,23,男,1
682,姓名682,23,男,1
683,姓名683,23,男,1
684,姓名684,23,男,1
685,姓名685,23,男,1
686,姓名686,23,男,1
687,姓名687,23,男,1
688,姓名688,23,男,1
689,姓名689,23,男,1
690,姓名690,23,男,1
691,姓名691,23,男,1
692,姓名692,23,男,1
693,姓名693,23,男,1
694,姓名694,23,男,1
695,姓名695,23,男,1
696,姓名696,23,男,1
697,姓名697,23,男,1
698,姓名698,23,男,1
699,姓名699,23,男,1
700,姓名700,23,男,1
701,姓名701,23,男,1
702,姓名702,23,男,1
703,姓名703,23,男,1
704,姓名704,23,男,1
705,姓名705,23,男,1
706,姓名706,23,男,1
707,姓名707,23,男,1
708,姓名708,23,男,1
709,姓名709,23,男,1
710,姓名710,23,男,1
711,姓名711,23,男,1
712,姓名712,23,男,1
713,姓名713,23,男,1
714,姓名714,23,男,1
715,姓名715,23,男,1
716,姓名716,23,男,1
717,姓名717,23,男,1
718,姓名718,23,男,1
719,姓名719,23,男,1
720,姓名720,23,男,1
721,姓名721,23,男,1
722,姓名722,23,男,1
723,姓名723,23,男,1
724,姓名724,23,男,1
725,姓名725,23,男,1
726,姓名726,23,男,1
727,姓名727,23,男,1
728,姓名728,23,男,1
729,姓名729,23,男,1
730,姓名730,23,男,1
731,姓名731,23,男,1
732,姓名732,23,男,1
733,姓名733,23,男,1
734,姓名734,23,男,1
735,姓名735,23,男,1
736,姓名736,23,男,1
737,姓名737,23,男,1
738,姓名738,23,男,1
739,姓名739,23,男,1
740,姓名740,23,男,1
741,姓名741,23,男,1
742,姓名742,23,男,1
743,姓名743,23,男,1
744,姓名744,23,男,1
745,姓名745,23,男,1
746,姓名746,23,男,1
747,姓名747,23,男,1
748,姓名748,23,男,1
749,姓名749,23,男,1
750,姓名750,23,男,1
751,姓名751,23,男,1
752,姓名752,23,男,1
753,姓名753,23,男,1
754,姓名754,23,男,1
755,姓名755,23,男,1
756,姓名756,23,男,1
757,姓名757,23,男,1
758,姓名758,23,男,1
759,姓名759,23,男,1
760,姓名760,23,男,1
761,姓名761,23,男,1
762,姓名762,23,男,1
763,姓名763,23,男,1
764,姓名764,23,男,1
765,姓名765,23,男,1
766,姓名766,23,男,1
767,姓名767,23,男,1
768,姓名768,23,男,1
769,姓名769,23,男,1
770,姓名770,23,男,1
771,姓名771,23,男,1
772,姓名772,23,男,1
773,姓名773,23,男,1
774,姓名774,23,男,1
775,姓名775,23,男,1
776,姓名776,23,男,1
777,姓名777,23,男,1
778,姓名778,23,男,1
779,姓名779,23,男,1
780,姓名780,23,男,1
781,姓名781,23,男,1
782,姓名782,23,男,1
783,姓名783,23,男,1
784,姓名784,23,男,1
785,姓名785,23,男,1
786,姓名786,23,男,1
787,姓名787,23,男,1
788,姓名788,23,男,1
789,姓名789,23,男,1
790,姓名790,23,男,1
791,姓名791,23,男,1
792,姓名792,23,男,1
793,姓名793,23,男,1
794,姓名794,23,男,1
795,姓名795,23,男,1
796,姓名796,23,男,1
797,姓名797,23,男,1
798,姓名798,23,男,1
799,姓名799,23,男,1
800,姓名800,23,男,1
801,姓名801,23,男,1
802,姓名802,23,男,1
803,姓名803,23,男,1
804,姓名804,23,男,1
805,姓名805,23,男,1
806,姓名806,23,男,1
807,姓名807,23,男,1
808,姓名808,23,男,1
809,姓名809,23,男,1
810,姓名810,23,男,1
811,姓名811,23,男,1
812,姓名812,23,男,1
813,姓名813,23,男,1
814,姓名814,23,男,1
815,姓名815,23,男,1
816,姓名816,23,男,1
817,姓名817,23,男,1
818,姓名818,23,男,1
819,姓名819,23,男,1
820,姓名820,23,男,1
821,姓名821,23,男,1
822,姓名822,23,男,1
823,姓名823,23,男,1
824,姓名824,23,男,1
825,姓名825,23,男,1
826,姓名826,23,男,1
827,姓名827,23,男,1
828,姓名828,23,男,1
829,姓名829,23,男,1
830,姓名830,23,男,1
831,姓名831,23,男,1
832,姓名832,23,男,1
833,姓名833,23,男,1
834,姓名834,23,男,1
835,姓名835,23,男,1
836,姓名836,23,男,1
837,姓名837,23,男,1
838,姓名838,23,男,1
839,姓名839,23,男,1
840,姓名840,23,男,1
841,姓名841,23,男,1
842,姓名842,23,男,1
843,姓名843,23,男,1
844,姓名844,23,男,1
845,姓名845,23,男,1
846,姓名846,23,男,1
847,姓名847,23,男,1
848,姓名848,23,男,1
849,姓名849,23,男,1
850,姓名850,23,男,1
851,姓名851,23,男,1
852,姓名852,23,男,1
853,姓名853,23,男,1
854,姓名854,23,男,1
855,姓名855,23,男,1
856,姓名856,23,男,1
857,姓名857,23,男,1
858,姓名858,23,男,1
859,姓名859,23,男,1
860,姓名860,23,男,1
861,姓名861,23,男,1
862,姓名862,23,男,1
863,姓名863,23,男,1
864,姓名864,23,男,1
865,姓名865,23,男,1
866,姓名866,23,男,1
867,姓名867,23,男,1
868,姓名868,23,男,1
869,姓名869,23,男,1
870,姓名870,23,男,1
871,姓名871,23,男,1
872,姓名872,23,男,1
873,姓名873,23,男,1
874,姓名874,23,男,1
875,姓名875,23,男,1
876,姓名876,23,男,1
877,姓名877,23,男,1
878,姓名878,23,男,1
879,姓名879,23,男,1
880,姓名880,23,男,1
881,姓名881,23,男,1
882,姓名882,23,男,1
883,姓名883,23,男,1
884,姓名884,23,男,1
885,姓名885,23,男,1
886,姓名886,23,男,1
887,姓名887,23,男,1
888,姓名888,23,男,1
889,姓名889,23,男,1
890,姓名890,23,男,1
891,姓名891,23,男,1
892,姓名892,23,男,1
893,姓名893,23,男,1
894,姓名894,23,男,1
895,姓名895,23,男,1
896,姓名896,23,男,1
897,姓名897,23,男,1
898,姓名898,23,男,1
899,姓名899,23,男,1
900,姓名900,23,男,1
901,姓名901,23,男,1
902,姓名902,23,男,1
903,姓名903,23,男,1
904,姓名904,23,男,1
905,姓名905,23,男,1
906,姓名906,23,男,1
907,姓名907,23,男,1
908,姓名908,23,男,1
909,姓名909,23,男,1
910,姓名910,23,男,1
911,姓名911,23,男,1
912,姓名912,23,男,1
913,姓名913,23,男,1
914,姓名914,23,男,1
915,姓名915,23,男,1
916,姓名916,23,男,1
917,姓名917,23,男,1
918,姓名918,23,男,1
919,姓名919,23,男,1
920,姓名920,23,男,1
921,姓名921,23,男,1
922,姓名922,23,男,1
923,姓名923,23,男,1
924,姓名924,23,男,1
925,姓名925,23,男,1
926,姓名926,23,男,1
927,姓名927,23,男,1
928,姓名928,23,男,1
929,姓名929,23,男,1
930,姓名930,23,男,1
931,姓名931,23,男,1
932,姓名932,23,男,1
933,姓名933,23,男,1
934,姓名934,23,男,1
935,姓名935,23,男,1
936,姓名936,23,男,1
937,姓名937,23,男,1
938,姓名938,23,男,1
939,姓名939,23,男,1
940,姓名940,23,男,1
941,姓名941,23,男,1
942,姓名942,23,男,1
943,姓名943,23,男,1
944,姓名944,23,男,1
945,姓名945,23,男,1
946,姓名946,23,男,1
947,姓名947,23,男,1
948,姓名948,23,男,1
949,姓名949,23,男,1
950,姓名950,23,男,1
951,姓名951,23,男,1
952,姓名952,23,男,1
953,姓名953,23,男,1
954,姓名954,23,男,1
955,姓名955,23,男,1
956,姓名956,23,男,1
957,姓名957,23,男,1
958,姓名958,23,男,1
959,姓名959,23,男,1
960,姓名960,23,男,1
961,姓名961,23,男,1
962,姓名962,23,男,1
963,姓名963,23,男,1
964,姓名964,23,男,1
965,姓名965,23,男,1
966,姓名966,23,男,1
967,姓名967,23,男,1
968,姓名968,23,男,1
969,姓名969,23,男,1
970,姓名970,23,男,1
971,姓名971,23,男,1
972,姓名972,23,男,1
973,姓名973,23,男,1
974,姓名974,23,男,1
975,姓名975,23,男,1
976,姓名976,23,男,1
977,姓名977,23,男,1
978,姓名978,23,男,1
979,姓名979,23,男,1
980,姓名980,23,男,1
981,姓名981,23,男,1
982,姓名982,23,男,1
983,姓名983,23,男,1
984,姓名984,23,男,1
985,姓名985,23,男,1
986,姓名986,23,男,1
987,姓名987,23,男,1
988,姓名988,23,男,1
989,姓名989,23,男,1
990,姓名990,23,男,1
991,姓名991,23,男,1
992,姓名992,23,男,1
993,姓名993,23,男,1
994,姓名994,23,男,1
995,姓名995,23,男,1
996,姓名996,23,男,1
997,姓名997,23,男,1
998,姓名998,23,男,1
999,姓名999,23,男,1
1001,姓名1001,33,女,1
1002,姓名1002,33,女,1
1003,姓名1003,33,女,1
1004,姓名1004,33,女,1
1005,姓名1005,33,女,1
1006,姓名1006,33,女,1
1007,姓名1007,33,女,1
1008,姓名1008,33,女,1
1009,姓名1009,33,女,1
1010,姓名1010,33,女,1
1011,姓名1011,33,女,1
1012,姓名1012,33,女,1
1013,姓名1013,33,女,1
1014,姓名1014,33,女,1
1015,姓名1015,33,女,1
1016,姓名1016,33,女,1
1017,姓名1017,33,女,1
1018,姓名1018,33,女,1
1019,姓名1019,33,女,1
1020,姓名1020,33,女,1
1021,姓名1021,33,女,1
1022,姓名1022,33,女,1
1023,姓名1023,33,女,1
1024,姓名1024,33,女,1
1025,姓名1025,33,女,1
1026,姓名1026,33,女,1
1027,姓名1027,33,女,1
1028,姓名1028,33,女,1
1029,姓名1029,33,女,1
1030,姓名1030,33,女,1
1031,姓名1031,33,女,1
1032,姓名1032,33,女,1
1033,姓名1033,33,女,1
1034,姓名1034,33,女,1
1035,姓名1035,33,女,1
1036,姓名1036,33,女,1
1037,姓名1037,33,女,1
1038,姓名1038,33,女,1
1039,姓名1039,33,女,1
1040,姓名1040,33,女,1
1041,姓名1041,33,女,1
1042,姓名1042,33,女,1
1043,姓名1043,33,女,1
1044,姓名1044,33,女,1
1045,姓名1045,33,女,1
1046,姓名1046,33,女,1
1047,姓名1047,33,女,1
1048,姓名1048,33,女,1
1049,姓名1049,33,女,1
1050,姓名1050,33,女,1
1051,姓名1051,33,女,1
1052,姓名1052,33,女,1
1053,姓名1053,33,女,1
1054,姓名1054,33,女,1
1055,姓名1055,33,女,1
1056,姓名1056,33,女,1
1057,姓名1057,33,女,1
1058,姓名1058,33,女,1
1059,姓名1059,33,女,1
1060,姓名1060,33,女,1
1061,姓名1061,33,女,1
1062,姓名1062,33,女,1
1063,姓名1063,33,女,1
1064,姓名1064,33,女,1
1065,姓名1065,33,女,1
1066,姓名1066,33,女,1
1067,姓名1067,33,女,1
1068,姓名1068,33,女,1
1069,姓名1069,33,女,1
1070,姓名1070,33,女,1
1071,姓名1071,33,女,1
1072,姓名1072,33,女,1
1073,姓名1073,33,女,1
1074,姓名1074,33,女,1
1075,姓名1075,33,女,1
1076,姓名1076,33,女,1
1077,姓名1077,33,女,1
1078,姓名1078,33,女,1
1079,姓名1079,33,女,1
1080,姓名1080,33,女,1
1081,姓名1081,33,女,1
1082,姓名1082,33,女,1
1083,姓名1083,33,女,1
1084,姓名1084,33,女,1
1085,姓名1085,33,女,1
1086,姓名1086,33,女,1
1087,姓名1087,33,女,1
1088,姓名1088,33,女,1
1089,姓名1089,33,女,1
1090,姓名1090,33,女,1
1091,姓名1091,33,女,1
1092,姓名1092,33,女,1
1093,姓名1093,33,女,1
1094,姓名1094,33,女,1
1095,姓名1095,33,女,1
1096,姓名1096,33,女,1
1097,姓名1097,33,女,1
1098,姓名1098,33,女,1
1099,姓名1099,33,女,1
1100,姓名1100,33,女,1
1101,姓名1101,33,女,1
1102,姓名1102,33,女,1
1103,姓名1103,33,女,1
1104,姓名1104,33,女,1
1105,姓名1105,33,女,1
1106,姓名1106,33,女,1
1107,姓名1107,33,女,1
1108,姓名1108,33,女,1
1109,姓名1109,33,女,1
1110,姓名1110,33,女,1
1111,姓名1111,33,女,1
1112,姓名1112,33,女,1
1113,姓名1113,33,女,1
1114,姓名1114,33,女,1
1115,姓名1115,33,女,1
1116,姓名1116,33,女,1
1117,姓名1117,33,女,1
1118,姓名1118,33,女,1
1119,姓名1119,33,女,1
1120,姓名1120,33,女,1
1121,姓名1121,33,女,1
1122,姓名1122,33,女,1
1123,姓名1123,33,女,1
1124,姓名1124,33,女,1
1125,姓名1125,33,女,1
1126,姓名1126,33,女,1
1127,姓名1127,33,女,1
1128,姓名1128,33,女,1
1129,姓名1129,33,女,1
1130,姓名1130,33,女,1
1131,姓名1131,33,女,1
1132,姓名1132,33,女,1
1133,姓名1133,33,女,1
1134,姓名1134,33,女,1
1135,姓名1135,33,女,1
1136,姓名1136,33,女,1
1137,姓名1137,33,女,1
1138,姓名1138,33,女,1
1139,姓名1139,33,女,1
1140,姓名1140,33,女,1
1141,姓名1141,33,女,1
1142,姓名1142,33,女,1
1143,姓名1143,33,女,1
1144,姓名1144,33,女,1
1145,姓名1145,33,女,1
1146,姓名1146,33,女,1
1147,姓名1147,33,女,1
1148,姓名1148,33,女,1
1149,姓名1149,33,女,1
1150,姓名1150,33,女,1
1151,姓名1151,33,女,1
1152,姓名1152,33,女,1
1153,姓名1153,33,女,1
1154,姓名1154,33,女,1
1155,姓名1155,33,女,1
1156,姓名1156,33,女,1
1157,姓名1157,33,女,1
1158,姓名1158,33,女,1
1159,姓名1159,33,女,1
1160,姓名1160,33,女,1
1161,姓名1161,33,女,1
1162,姓名1162,33,女,1
1163,姓名1163,33,女,1
1164,姓名1164,33,女,1
1165,姓名1165,33,女,1
1166,姓名1166,33,女,1
1167,姓名1167,33,女,1
1168,姓名1168,33,女,1
1169,姓名1169,33,女,1
1170,姓名1170,33,女,1
1171,姓名1171,33,女,1
1172,姓名1172,33,女,1
1173,姓名1173,33,女,1
1174,姓名1174,33,女,1
1175,姓名1175,33,女,1
1176,姓名1176,33,女,1
1177,姓名1177,33,女,1
1178,姓名1178,33,女,1
1179,姓名1179,33,女,1
1180,姓名1180,33,女,1
1181,姓名1181,33,女,1
1182,姓名1182,33,女,1
1183,姓名1183,33,女,1
1184,姓名1184,33,女,1
1185,姓名1185,33,女,1
1186,姓名1186,33,女,1
1187,姓名1187,33,女,1
1188,姓名1188,33,女,1
1189,姓名1189,33,女,1
1190,姓名1190,33,女,1
1191,姓名1191,33,女,1
1192,姓名1192,33,女,1
1193,姓名1193,33,女,1
1194,姓名1194,33,女,1
1195,姓名1195,33,女,1
1196,姓名1196,33,女,1
1197,姓名1197,33,女,1
1198,姓名1198,33,女,1
1199,姓名1199,33,女,1
1200,姓名1200,33,女,1
1201,姓名1201,33,女,1
1202,姓名1202,33,女,1
1203,姓名1203,33,女,1
1204,姓名1204,33,女,1
1205,姓名1205,33,女,1
1206,姓名1206,33,女,1
1207,姓名1207,33,女,1
1208,姓名1208,33,女,1
1209,姓名1209,33,女,1
1210,姓名1210,33,女,1
1211,姓名1211,33,女,1
1212,姓名1212,33,女,1
1213,姓名1213,33,女,1
1214,姓名1214,33,女,1
1215,姓名1215,33,女,1
1216,姓名1216,33,女,1
1217,姓名1217,33,女,1
1218,姓名1218,33,女,1
1219,姓名1219,33,女,1
1220,姓名1220,33,女,1
1221,姓名1221,33,女,1
1222,姓名1222,33,女,1
1223,姓名1223,33,女,1
1224,姓名1224,33,女,1
1225,姓名1225,33,女,1
1226,姓名1226,33,女,1
1227,姓名1227,33,女,1
1228,姓名1228,33,女,1
1229,姓名1229,33,女,1
1230,姓名1230,33,女,1
1231,姓名1231,33,女,1
1232,姓名1232,33,女,1
1233,姓名1233,33,女,1
1234,姓名1234,33,女,1
1235,姓名1235,33,女,1
1236,姓名1236,33,女,1
1237,姓名1237,33,女,1
1238,姓名1238,33,女,1
1239,姓名1239,33,女,1
1240,姓名1240,33,女,1
1241,姓名1241,33,女,1
1242,姓名1242,33,女,1
1243,姓名1243,33,女,1
1244,姓名1244,33,女,1
1245,姓名1245,33,女,1
1246,姓名1246,33,女,1
1247,姓名1247,33,女,1
1248,姓名1248,33,女,1
1249,姓名1249,33,女,1
1250,姓名1250,33,女,1
1251,姓名1251,33,女,1
1252,姓名1252,33,女,1
1253,姓名1253,33,女,1
1254,姓名1254,33,女,1
1255,姓名1255,33,女,1
1256,姓名1256,33,女,1
1257,姓名1257,33,女,1
1258,姓名1258,33,女,1
1259,姓名1259,33,女,1
1260,姓名1260,33,女,1
1261,姓名1261,33,女,1
1262,姓名1262,33,女,1
1263,姓名1263,33,女,1
1264,姓名1264,33,女,1
1265,姓名1265,33,女,1
1266,姓名1266,33,女,1
1267,姓名1267,33,女,1
1268,姓名1268,33,女,1
1269,姓名1269,33,女,1
1270,姓名1270,33,女,1
1271,姓名1271,33,女,1
1272,姓名1272,33,女,1
1273,姓名1273,33,女,1
1274,姓名1274,33,女,1
1275,姓名1275,33,女,1
1276,姓名1276,33,女,1
1277,姓名1277,33,女,1
1278,姓名1278,33,女,1
1279,姓名1279,33,女,1
1280,姓名1280,33,女,1
1281,姓名1281,33,女,1
1282,姓名1282,33,女,1
1283,姓名1283,33,女,1
1284,姓名1284,33,女,1
1285,姓名1285,33,女,1
1286,姓名1286,33,女,1
1287,姓名1287,33,女,1
1288,姓名1288,33,女,1
1289,姓名1289,33,女,1
1290,姓名1290,33,女,1
1291,姓名1291,33,女,1
1292,姓名1292,33,女,1
1293,姓名1293,33,女,1
1294,姓名1294,33,女,1
1295,姓名1295,33,女,1
1296,姓名1296,33,女,1
1297,姓名1297,33,女,1
1298,姓名1298,33,女,1
1299,姓名1299,33,女,1
1300,姓名1300,33,女,1
1301,姓名1301,33,女,1
1302,姓名1302,33,女,1
1303,姓名1303,33,女,1
1304,姓名1304,33,女,1
1305,姓名1305,33,女,1
1306,姓名1306,33,女,1
1307,姓名1307,33,女,1
1308,姓名1308,33,女,1
1309,姓名1309,33,女,1
1310,姓名1310,33,女,1
1311,姓名1311,33,女,1
1312,姓名1312,33,女,1
1313,姓名1313,33,女,1
1314,姓名1314,33,女,1
1315,姓名1315,33,女,1
1316,姓名1316,33,女,1
1317,姓名1317,33,女,1
1318,姓名1318,33,女,1
1319,姓名1319,33,女,1
1320,姓名1320,33,女,1
1321,姓名1321,33,女,1
1322,姓名1322,33,女,1
1323,姓名1323,33,女,1
1324,姓名1324,33,女,1
1325,姓名1325,33,女,1
1326,姓名1326,33,女,1
1327,姓名1327,33,女,1
1328,姓名1328,33,女,1
1329,姓名1329,33,女,1
1330,姓名1330,33,女,1
1331,姓名1331,33,女,1
1332,姓名1332,33,女,1
1333,姓名1333,33,女,1
1334,姓名1334,33,女,1
1335,姓名1335,33,女,1
1336,姓名1336,33,女,1
1337,姓名1337,33,女,1
1338,姓名1338,33,女,1
1339,姓名1339,33,女,1
1340,姓名1340,33,女,1
1341,姓名1341,33,女,1
1342,姓名1342,33,女,1
1343,姓名1343,33,女,1
1344,姓名1344,33,女,1
1345,姓名1345,33,女,1
1346,姓名1346,33,女,1
1347,姓名1347,33,女,1
1348,姓名1348,33,女,1
1349,姓名1349,33,女,1
1350,姓名1350,33,女,1
1351,姓名1351,33,女,1
1352,姓名1352,33,女,1
1353,姓名1353,33,女,1
1354,姓名1354,33,女,1
1355,姓名1355,33,女,1
1356,姓名1356,33,女,1
1357,姓名1357,33,女,1
1358,姓名1358,33,女,1
1359,姓名1359,33,女,1
1360,姓名1360,33,女,1
1361,姓名1361,33,女,1
1362,姓名1362,33,女,1
1363,姓名1363,33,女,1
1364,姓名1364,33,女,1
1365,姓名1365,33,女,1
1366,姓名1366,33,女,1
1367,姓名1367,33,女,1
1368,姓名1368,33,女,1
1369,姓名1369,33,女,1
1370,姓名1370,33,女,1
1371,姓名1371,33,女,1
1372,姓名1372,33,女,1
1373,姓名1373,33,女,1
1374,姓名1374,33,女,1
1375,姓名1375,33,女,1
1376,姓名1376,33,女,1
1377,姓名1377,33,女,1
1378,姓名1378,33,女,1
1379,姓名1379,33,女,1
1380,姓名1380,33,女,1
1381,姓名1381,33,女,1
1382,姓名1382,33,女,1
1383,姓名1383,33,女,1
1384,姓名1384,33,女,1
1385,姓名1385,33,女,1
1386,姓名1386,33,女,1
1387,姓名1387,33,女,1
1388,姓名1388,33,女,1
1389,姓名1389,33,女,1
1390,姓名1390,33,女,1
1391,姓名1391,33,女,1
1392,姓名1392,33,女,1
1393,姓名1393,33,女,1
1394,姓名1394,33,女,1
1395,姓名1395,33,女,1
1396,姓名1396,33,女,1
1397,姓名1397,33,女,1
1398,姓名1398,33,女,1
1399,姓名1399,33,女,1
1400,姓名1400,33,女,1
1401,姓名1401,33,女,1
1402,姓名1402,33,女,1
1403,姓名1403,33,女,1
1404,姓名1404,33,女,1
1405,姓名1405,33,女,1
1406,姓名1406,33,女,1
1407,姓名1407,33,女,1
1408,姓名1408,33,女,1
1409,姓名1409,33,女,1
1410,姓名1410,33,女,1
1411,姓名1411,33,女,1
1412,姓名1412,33,女,1
1413,姓名1413,33,女,1
1414,姓名1414,33,女,1
1415,姓名1415,33,女,1
1416,姓名1416,33,女,1
1417,姓名1417,33,女,1
1418,姓名1418,33,女,1
1419,姓名1419,33,女,1
1420,姓名1420,33,女,1
1421,姓名1421,33,女,1
1422,姓名1422,33,女,1
1423,姓名1423,33,女,1
1424,姓名1424,33,女,1
1425,姓名1425,33,女,1
1426,姓名1426,33,女,1
1427,姓名1427,33,女,1
1428,姓名1428,33,女,1
1429,姓名1429,33,女,1
1430,姓名1430,33,女,1
1431,姓名1431,33,女,1
1432,姓名1432,33,女,1
1433,姓名1433,33,女,1
1434,姓名1434,33,女,1
1435,姓名1435,33,女,1
1436,姓名1436,33,女,1
1437,姓名1437,33,女,1
1438,姓名1438,33,女,1
1439,姓名1439,33,女,1
1440,姓名1440,33,女,1
1441,姓名1441,33,女,1
1442,姓名1442,33,女,1
1443,姓名1443,33,女,1
1444,姓名1444,33,女,1
1445,姓名1445,33,女,1
1446,姓名1446,33,女,1
1447,姓名1447,33,女,1
1448,姓名1448,33,女,1
1449,姓名1449,33,女,1
1450,姓名1450,33,女,1
1451,姓名1451,33,女,1
1452,姓名1452,33,女,1
1453,姓名1453,33,女,1
1454,姓名1454,33,女,1
1455,姓名1455,33,女,1
1456,姓名1456,33,女,1
1457,姓名1457,33,女,1
1458,姓名1458,33,女,1
1459,姓名1459,33,女,1
1460,姓名1460,33,女,1
1461,姓名1461,33,女,1
1462,姓名1462,33,女,1
1463,姓名1463,33,女,1
1464,姓名1464,33,女,1
1465,姓名1465,33,女,1
1466,姓名1466,33,女,1
1467,姓名1467,33,女,1
1468,姓名1468,33,女,1
1469,姓名1469,33,女,1
1470,姓名1470,33,女,1
1471,姓名1471,33,女,1
1472,姓名1472,33,女,1
1473,姓名1473,33,女,1
1474,姓名1474,33,女,1
1475,姓名1475,33,女,1
1476,姓名1476,33,女,1
1477,姓名1477,33,女,1
1478,姓名1478,33,女,1
1479,姓名1479,33,女,1
1480,姓名1480,33,女,1
1481,姓名1481,33,女,1
1482,姓名1482,33,女,1
1483,姓名1483,33,女,1
1484,姓名1484,33,女,1
1485,姓名1485,33,女,1
1486,姓名1486,33,女,1
1487,姓名1487,33,女,1
1488,姓名1488,33,女,1
1489,姓名1489,33,女,1
1490,姓名1490,33,女,1
1491,姓名1491,33,女,1
1492,姓名1492,33,女,1
1493,姓名1493,33,女,1
1494,姓名1494,33,女,1
1495,姓名1495,33,女,1
1496,姓名1496,33,女,1
1497,姓名1497,33,女,1
1498,姓名1498,33,女,1
1499,姓名1499,33,女,1
1500,姓名1500,33,女,1
1501,姓名1501,33,女,1
1502,姓名1502,33,女,1
1503,姓名1503,33,女,1
1504,姓名1504,33,女,1
1505,姓名1505,33,女,1
1506,姓名1506,33,女,1
1507,姓名1507,33,女,1
1508,姓名1508,33,女,1
1509,姓名1509,33,女,1
1510,姓名1510,33,女,1
1511,姓名1511,33,女,1
1512,姓名1512,33,女,1
1513,姓名1513,33,女,1
1514,姓名1514,33,女,1
1515,姓名1515,33,女,1
1516,姓名1516,33,女,1
1517,姓名1517,33,女,1
1518,姓名1518,33,女,1
1519,姓名1519,33,女,1
1520,姓名1520,33,女,1
1521,姓名1521,33,女,1
1522,姓名1522,33,女,1
1523,姓名1523,33,女,1
1524,姓名1524,33,女,1
1525,姓名1525,33,女,1
1526,姓名1526,33,女,1
1527,姓名1527,33,女,1
1528,姓名1528,33,女,1
1529,姓名1529,33,女,1
1530,姓名1530,33,女,1
1531,姓名1531,33,女,1
1532,姓名1532,33,女,1
1533,姓名1533,33,女,1
1534,姓名1534,33,女,1
1535,姓名1535,33,女,1
1536,姓名1536,33,女,1
1537,姓名1537,33,女,1
1538,姓名1538,33,女,1
1539,姓名1539,33,女,1
1540,姓名1540,33,女,1
1541,姓名1541,33,女,1
1542,姓名1542,33,女,1
1543,姓名1543,33,女,1
1544,姓名1544,33,女,1
1545,姓名1545,33,女,1
1546,姓名1546,33,女,1
1547,姓名1547,33,女,1
1548,姓名1548,33,女,1
1549,姓名1549,33,女,1
1550,姓名1550,33,女,1
1551,姓名1551,33,女,1
1552,姓名1552,33,女,1
1553,姓名1553,33,女,1
1554,姓名1554,33,女,1
1555,姓名1555,33,女,1
1556,姓名1556,33,女,1
1557,姓名1557,33,女,1
1558,姓名1558,33,女,1
1559,姓名1559,33,女,1
1560,姓名1560,33,女,1
1561,姓名1561,33,女,1
1562,姓名1562,33,女,1
1563,姓名1563,33,女,1
1564,姓名1564,33,女,1
1565,姓名1565,33,女,1
1566,姓名1566,33,女,1
1567,姓名1567,33,女,1
1568,姓名1568,33,女,1
1569,姓名1569,33,女,1
1570,姓名1570,33,女,1
1571,姓名1571,33,女,1
1572,姓名1572,33,女,1
1573,姓名1573,33,女,1
1574,姓名1574,33,女,1
1575,姓名1575,33,女,1
1576,姓名1576,33,女,1
1577,姓名1577,33,女,1
1578,姓名1578,33,女,1
1579,姓名1579,33,女,1
1580,姓名1580,33,女,1
1581,姓名1581,33,女,1
1582,姓名1582,33,女,1
1583,姓名1583,33,女,1
1584,姓名1584,33,女,1
1585,姓名1585,33,女,1
1586,姓名1586,33,女,1
1587,姓名1587,33,女,1
1588,姓名1588,33,女,1
1589,姓名1589,33,女,1
1590,姓名1590,33,女,1
1591,姓名1591,33,女,1
1592,姓名1592,33,女,1
1593,姓名1593,33,女,1
1594,姓名1594,33,女,1
1595,姓名1595,33,女,1
1596,姓名1596,33,女,1
1597,姓名1597,33,女,1
1598,姓名1598,33,女,1
1599,姓名1599,33,女,1
1600,姓名1600,33,女,1
1601,姓名1601,33,女,1
1602,姓名1602,33,女,1
1603,姓名1603,33,女,1
1604,姓名1604,33,女,1
1605,姓名1605,33,女,1
1606,姓名1606,33,女,1
1607,姓名1607,33,女,1
1608,姓名1608,33,女,1
1609,姓名1609,33,女,1
1610,姓名1610,33,女,1
1611,姓名1611,33,女,1
1612,姓名1612,33,女,1
1613,姓名1613,33,女,1
1614,姓名1614,33,女,1
1615,姓名1615,33,女,1
1616,姓名1616,33,女,1
1617,姓名1617,33,女,1
1618,姓名1618,33,女,1
1619,姓名1619,33,女,1
1620,姓名1620,33,女,1
1621,姓名1621,33,女,1
1622,姓名1622,33,女,1
1623,姓名1623,33,女,1
1624,姓名1624,33,女,1
1625,姓名1625,33,女,1
1626,姓名1626,33,女,1
1627,姓名1627,33,女,1
1628,姓名1628,33,女,1
1629,姓名1629,33,女,1
1630,姓名1630,33,女,1
1631,姓名1631,33,女,1
1632,姓名1632,33,女,1
1633,姓名1633,33,女,1
1634,姓名1634,33,女,1
1635,姓名1635,33,女,1
1636,姓名1636,33,女,1
1637,姓名1637,33,女,1
1638,姓名1638,33,女,1
1639,姓名1639,33,女,1
1640,姓名1640,33,女,1
1641,姓名1641,33,女,1
1642,姓名1642,33,女,1
1643,姓名1643,33,女,1
1644,姓名1644,33,女,1
1645,姓名1645,33,女,1
1646,姓名1646,33,女,1
1647,姓名1647,33,女,1
1648,姓名1648,33,女,1
1649,姓名1649,33,女,1
1650,姓名1650,33,女,1
1651,姓名1651,33,女,1
1652,姓名1652,33,女,1
1653,姓名1653,33,女,1
1654,姓名1654,33,女,1
1655,姓名1655,33,女,1
1656,姓名1656,33,女,1
1657,姓名1657,33,女,1
1658,姓名1658,33,女,1
1659,姓名1659,33,女,1
1660,姓名1660,33,女,1
1661,姓名1661,33,女,1
1662,姓名1662,33,女,1
1663,姓名1663,33,女,1
1664,姓名1664,33,女,1
1665,姓名1665,33,女,1
1666,姓名1666,33,女,1
1667,姓名1667,33,女,1
1668,姓名1668,33,女,1
1669,姓名1669,33,女,1
1670,姓名1670,33,女,1
1671,姓名1671,33,女,1
1672,姓名1672,33,女,1
1673,姓名1673,33,女,1
1674,姓名1674,33,女,1
1675,姓名1675,33,女,1
1676,姓名1676,33,女,1
1677,姓名1677,33,女,1
1678,姓名1678,33,女,1
1679,姓名1679,33,女,1
1680,姓名1680,33,女,1
1681,姓名1681,33,女,1
1682,姓名1682,33,女,1
1683,姓名1683,33,女,1
1684,姓名1684,33,女,1
1685,姓名1685,33,女,1
1686,姓名1686,33,女,1
1687,姓名1687,33,女,1
1688,姓名1688,33,女,1
1689,姓名1689,33,女,1
1690,姓名1690,33,女,1
1691,姓名1691,33,女,1
1692,姓名1692,33,女,1
1693,姓名1693,33,女,1
1694,姓名1694,33,女,1
1695,姓名1695,33,女,1
1696,姓名1696,33,女,1
1697,姓名1697,33,女,1
1698,姓名1698,33,女,1
1699,姓名1699,33,女,1
1700,姓名1700,33,女,1
1701,姓名1701,33,女,1
1702,姓名1702,33,女,1
1703,姓名1703,33,女,1
1704,姓名1704,33,女,1
1705,姓名1705,33,女,1
1706,姓名1706,33,女,1
1707,姓名1707,33,女,1
1708,姓名1708,33,女,1
1709,姓名1709,33,女,1
1710,姓名1710,33,女,1
1711,姓名1711,33,女,1
1712,姓名1712,33,女,1
1713,姓名1713,33,女,1
1714,姓名1714,33,女,1
1715,姓名1715,33,女,1
1716,姓名1716,33,女,1
1717,姓名1717,33,女,1
1718,姓名1718,33,女,1
1719,姓名1719,33,女,1
1720,姓名1720,33,女,1
1721,姓名1721,33,女,1
1722,姓名1722,33,女,1
1723,姓名1723,33,女,1
1724,姓名1724,33,女,1
1725,姓名1725,33,女,1
1726,姓名1726,33,女,1
1727,姓名1727,33,女,1
1728,姓名1728,33,女,1
1729,姓名1729,33,女,1
1730,姓名1730,33,女,1
1731,姓名1731,33,女,1
1732,姓名1732,33,女,1
1733,姓名1733,33,女,1
1734,姓名1734,33,女,1
1735,姓名1735,33,女,1
1736,姓名1736,33,女,1
1737,姓名1737,33,女,1
1738,姓名1738,33,女,1
1739,姓名1739,33,女,1
1740,姓名1740,33,女,1
1741,姓名1741,33,女,1
1742,姓名1742,33,女,1
1743,姓名1743,33,女,1
1744,姓名1744,33,女,1
1745,姓名1745,33,女,1
1746,姓名1746,33,女,1
1747,姓名1747,33,女,1
1748,姓名1748,33,女,1
1749,姓名1749,33,女,1
1750,姓名1750,33,女,1
1751,姓名1751,33,女,1
1752,姓名1752,33,女,1
1753,姓名1753,33,女,1
1754,姓名1754,33,女,1
1755,姓名1755,33,女,1
1756,姓名1756,33,女,1
1757,姓名1757,33,女,1
1758,姓名1758,33,女,1
1759,姓名1759,33,女,1
1760,姓名1760,33,女,1
1761,姓名1761,33,女,1
1762,姓名1762,33,女,1
1763,姓名1763,33,女,1
1764,姓名1764,33,女,1
1765,姓名1765,33,女,1
1766,姓名1766,33,女,1
1767,姓名1767,33,女,1
1768,姓名1768,33,女,1
1769,姓名1769,33,女,1
1770,姓名1770,33,女,1
1771,姓名1771,33,女,1
1772,姓名1772,33,女,1
1773,姓名1773,33,女,1
1774,姓名1774,33,女,1
1775,姓名1775,33,女,1
1776,姓名1776,33,女,1
1777,姓名1777,33,女,1
1778,姓名1778,33,女,1
1779,姓名1779,33,女,1
1780,姓名1780,33,女,1
1781,姓名1781,33,女,1
1782,姓名1782,33,女,1
1783,姓名1783,33,女,1
1784,姓名1784,33,女,1
1785,姓名1785,33,女,1
1786,姓名1786,33,女,1
1787,姓名1787,33,女,1
1788,姓名1788,33,女,1
1789,姓名1789,33,女,1
1790,姓名1790,33,女,1
1791,姓名1791,33,女,1
1792,姓名1792,33,女,1
1793,姓名1793,33,女,1
1794,姓名1794,33,女,1
1795,姓名1795,33,女,1
1796,姓名1796,33,女,1
1797,姓名1797,33,女,1
1798,姓名1798,33,女,1
1799,姓名1799,33,女,1
1800,姓名1800,33,女,1
1801,姓名1801,33,女,1
1802,姓名1802,33,女,1
1803,姓名1803,33,女,1
1804,姓名1804,33,女,1
1805,姓名1805,33,女,1
1806,姓名1806,33,女,1
1807,姓名1807,33,女,1
1808,姓名1808,33,女,1
1809,姓名1809,33,女,1
1810,姓名1810,33,女,1
1811,姓名1811,33,女,1
1812,姓名1812,33,女,1
1813,姓名1813,33,女,1
1814,姓名1814,33,女,1
1815,姓名1815,33,女,1
1816,姓名1816,33,女,1
1817,姓名1817,33,女,1
1818,姓名1818,33,女,1
1819,姓名1819,33,女,1
1820,姓名1820,33,女,1
1821,姓名1821,33,女,1
1822,姓名1822,33,女,1
1823,姓名1823,33,女,1
1824,姓名1824,33,女,1
1825,姓名1825,33,女,1
1826,姓名1826,33,女,1
1827,姓名1827,33,女,1
1828,姓名1828,33,女,1
1829,姓名1829,33,女,1
1830,姓名1830,33,女,1
1831,姓名1831,33,女,1
1832,姓名1832,33,女,1
1833,姓名1833,33,女,1
1834,姓名1834,33,女,1
1835,姓名1835,33,女,1
1836,姓名1836,33,女,1
1837,姓名1837,33,女,1
1838,姓名1838,33,女,1
1839,姓名1839,33,女,1
1840,姓名1840,33,女,1
1841,姓名1841,33,女,1
1842,姓名1842,33,女,1
1843,姓名1843,33,女,1
1844,姓名1844,33,女,1
1845,姓名1845,33,女,1
1846,姓名1846,33,女,1
1847,姓名1847,33,女,1
1848,姓名1848,33,女,1
1849,姓名1849,33,女,1
1850,姓名1850,33,女,1
1851,姓名1851,33,女,1
1852,姓名1852,33,女,1
1853,姓名1853,33,女,1
1854,姓名1854,33,女,1
1855,姓名1855,33,女,1
1856,姓名1856,33,女,1
1857,姓名1857,33,女,1
1858,姓名1858,33,女,1
1859,姓名1859,33,女,1
1860,姓名1860,33,女,1
1861,姓名1861,33,女,1
1862,姓名1862,33,女,1
1863,姓名1863,33,女,1
1864,姓名1864,33,女,1
1865,姓名1865,33,女,1
1866,姓名1866,33,女,1
1867,姓名1867,33,女,1
1868,姓名1868,33,女,1
1869,姓名1869,33,女,1
1870,姓名1870,33,女,1
1871,姓名1871,33,女,1
1872,姓名1872,33,女,1
1873,姓名1873,33,女,1
1874,姓名1874,33,女,1
1875,姓名1875,33,女,1
1876,姓名1876,33,女,1
1877,姓名1877,33,女,1
1878,姓名1878,33,女,1
1879,姓名1879,33,女,1
1880,姓名1880,33,女,1
1881,姓名1881,33,女,1
1882,姓名1882,33,女,1
1883,姓名1883,33,女,1
1884,姓名1884,33,女,1
1885,姓名1885,33,女,1
1886,姓名1886,33,女,1
1887,姓名1887,33,女,1
1888,姓名1888,33,女,1
1889,姓名1889,33,女,1
1890,姓名1890,33,女,1
1891,姓名1891,33,女,1
1892,姓名1892,33,女,1
1893,姓名1893,33,女,1
1894,姓名1894,33,女,1
1895,姓名1895,33,女,1
1896,姓名1896,33,女,1
1897,姓名1897,33,女,1
1898,姓名1898,33,女,1
1899,姓名1899,33,女,1
1900,姓名1900,33,女,1
1901,姓名1901,33,女,1
1902,姓名1902,33,女,1
1903,姓名1903,33,女,1
1904,姓名1904,33,女,1
1905,姓名1905,33,女,1
1906,姓名1906,33,女,1
1907,姓名1907,33,女,1
1908,姓名1908,33,女,1
1909,姓名1909,33,女,1
1910,姓名1910,33,女,1
1911,姓名1911,33,女,1
1912,姓名1912,33,女,1
1913,姓名1913,33,女,1
1914,姓名1914,33,女,1
1915,姓名1915,33,女,1
1916,姓名1916,33,女,1
1917,姓名1917,33,女,1
1918,姓名1918,33,女,1
1919,姓名1919,33,女,1
1920,姓名1920,33,女,1
1921,姓名1921,33,女,1
1922,姓名1922,33,女,1
1923,姓名1923,33,女,1
1924,姓名1924,33,女,1
1925,姓名1925,33,女,1
1926,姓名1926,33,女,1
1927,姓名1927,33,女,1
1928,姓名1928,33,女,1
1929,姓名1929,33,女,1
1930,姓名1930,33,女,1
1931,姓名1931,33,女,1
1932,姓名1932,33,女,1
1933,姓名1933,33,女,1
1934,姓名1934,33,女,1
1935,姓名1935,33,女,1
1936,姓名1936,33,女,1
1937,姓名1937,33,女,1
1938,姓名1938,33,女,1
1939,姓名1939,33,女,1
1940,姓名1940,33,女,1
1941,姓名1941,33,女,1
1942,姓名1942,33,女,1
1943,姓名1943,33,女,1
1944,姓名1944,33,女,1
1945,姓名1945,33,女,1
1946,姓名1946,33,女,1
1947,姓名1947,33,女,1
1948,姓名1948,33,女,1
1949,姓名1949,33,女,1
1950,姓名1950,33,女,1
1951,姓名1951,33,女,1
1952,姓名1952,33,女,1
1953,姓名1953,33,女,1
1954,姓名1954,33,女,1
1955,姓名1955,33,女,1
1956,姓名1956,33,女,1
1957,姓名1957,33,女,1
1958,姓名1958,33,女,1
1959,姓名1959,33,女,1
1960,姓名1960,33,女,1
1961,姓名1961,33,女,1
1962,姓名1962,33,女,1
1963,姓名1963,33,女,1
1964,姓名1964,33,女,1
1965,姓名1965,33,女,1
1966,姓名1966,33,女,1
1967,姓名1967,33,女,1
1968,姓名1968,33,女,1
1969,姓名1969,33,女,1
1970,姓名1970,33,女,1
1971,姓名1971,33,女,1
1972,姓名1972,33,女,1
1973,姓名1973,33,女,1
1974,姓名1974,33,女,1
1975,姓名1975,33,女,1
1976,姓名1976,33,女,1
1977,姓名1977,33,女,1
1978,姓名1978,33,女,1
1979,姓名1979,33,女,1
1980,姓名1980,33,女,1
1981,姓名1981,33,女,1
1982,姓名1982,33,女,1
1983,姓名1983,33,女,1
1984,姓名1984,33,女,1
1985,姓名1985,33,女,1
1986,姓名1986,33,女,1
1987,姓名1987,33,女,1
1988,姓名1988,33,女,1
1989,姓名1989,33,女,1
1990,姓名1990,33,女,1
1991,姓名1991,33,女,1
1992,姓名1992,33,女,1
1993,姓名1993,33,女,1
1994,姓名1994,33,女,1
1995,姓名1995,33,女,1
1996,姓名1996,33,女,1
1997,姓名1997,33,女,1
1998,姓名1998,33,女,1
1999,姓名1999,33,女,1
