from,to
姓名1,1
姓名2,2
姓名3,3
姓名4,4
姓名5,5
姓名6,6
姓名7,7
姓名8,8
姓名9,9
姓名10,10
姓名11,11
姓名12,12
姓名13,13
姓名14,14
姓名15,15
姓名16,16
姓名17,17
姓名18,18
姓名19,19
姓名20,20
姓名21,21
姓名22,22
姓名23,23
姓名24,24
姓名25,25
姓名26,26
姓名27,27
姓名28,28
姓名29,29
姓名30,30
姓名31,31
姓名32,32
姓名33,33
姓名34,34
姓名35,35
姓名36,36
姓名37,37
姓名38,38
姓名39,39
姓名40,40
姓名41,41
姓名42,42
姓名43,43
姓名44,44
姓名45,45
姓名46,46
姓名47,47
姓名48,48
姓名49,49
姓名50,50
姓名51,51
姓名52,52
姓名53,53
姓名54,54
姓名55,55
姓名56,56
姓名57,57
姓名58,58
姓名59,59
姓名60,60
姓名61,61
姓名62,62
姓名63,63
姓名64,64
姓名65,65
姓名66,66
姓名67,67
姓名68,68
姓名69,69
姓名70,70
姓名71,71
姓名72,72
姓名73,73
姓名74,74
姓名75,75
姓名76,76
姓名77,77
姓名78,78
姓名79,79
姓名80,80
姓名81,81
姓名82,82
姓名83,83
姓名84,84
姓名85,85
姓名86,86
姓名87,87
姓名88,88
姓名89,89
姓名90,90
姓名91,91
姓名92,92
姓名93,93
姓名94,94
姓名95,95
姓名96,96
姓名97,97
姓名98,98
姓名99,99
姓名100,100
姓名101,101
姓名102,102
姓名103,103
姓名104,104
姓名105,105
姓名106,106
姓名107,107
姓名108,108
姓名109,109
姓名110,110
姓名111,111
姓名112,112
姓名113,113
姓名114,114
姓名115,115
姓名116,116
姓名117,117
姓名118,118
姓名119,119
姓名120,120
姓名121,121
姓名122,122
姓名123,123
姓名124,124
姓名125,125
姓名126,126
姓名127,127
姓名128,128
姓名129,129
姓名130,130
姓名131,131
姓名132,132
姓名133,133
姓名134,134
姓名135,135
姓名136,136
姓名137,137
姓名138,138
姓名139,139
姓名140,140
姓名141,141
姓名142,142
姓名143,143
姓名144,144
姓名145,145
姓名146,146
姓名147,147
姓名148,148
姓名149,149
姓名150,150
姓名151,151
姓名152,152
姓名153,153
姓名154,154
姓名155,155
姓名156,156
姓名157,157
姓名158,158
姓名159,159
姓名160,160
姓名161,161
姓名162,162
姓名163,163
姓名164,164
姓名165,165
姓名166,166
姓名167,167
姓名168,168
姓名169,169
姓名170,170
姓名171,171
姓名172,172
姓名173,173
姓名174,174
姓名175,175
姓名176,176
姓名177,177
姓名178,178
姓名179,179
姓名180,180
姓名181,181
姓名182,182
姓名183,183
姓名184,184
姓名185,185
姓名186,186
姓名187,187
姓名188,188
姓名189,189
姓名190,190
姓名191,191
姓名192,192
姓名193,193
姓名194,194
姓名195,195
姓名196,196
姓名197,197
姓名198,198
姓名199,199
姓名200,200
姓名201,201
姓名202,202
姓名203,203
姓名204,204
姓名205,205
姓名206,206
姓名207,207
姓名208,208
姓名209,209
姓名210,210
姓名211,211
姓名212,212
姓名213,213
姓名214,214
姓名215,215
姓名216,216
姓名217,217
姓名218,218
姓名219,219
姓名220,220
姓名221,221
姓名222,222
姓名223,223
姓名224,224
姓名225,225
姓名226,226
姓名227,227
姓名228,228
姓名229,229
姓名230,230
姓名231,231
姓名232,232
姓名233,233
姓名234,234
姓名235,235
姓名236,236
姓名237,237
姓名238,238
姓名239,239
姓名240,240
姓名241,241
姓名242,242
姓名243,243
姓名244,244
姓名245,245
姓名246,246
姓名247,247
姓名248,248
姓名249,249
姓名250,250
姓名251,251
姓名252,252
姓名253,253
姓名254,254
姓名255,255
姓名256,256
姓名257,257
姓名258,258
姓名259,259
姓名260,260
姓名261,261
姓名262,262
姓名263,263
姓名264,264
姓名265,265
姓名266,266
姓名267,267
姓名268,268
姓名269,269
姓名270,270
姓名271,271
姓名272,272
姓名273,273
姓名274,274
姓名275,275
姓名276,276
姓名277,277
姓名278,278
姓名279,279
姓名280,280
姓名281,281
姓名282,282
姓名283,283
姓名284,284
姓名285,285
姓名286,286
姓名287,287
姓名288,288
姓名289,289
姓名290,290
姓名291,291
姓名292,292
姓名293,293
姓名294,294
姓名295,295
姓名296,296
姓名297,297
姓名298,298
姓名299,299
姓名300,300
姓名301,301
姓名302,302
姓名303,303
姓名304,304
姓名305,305
姓名306,306
姓名307,307
姓名308,308
姓名309,309
姓名310,310
姓名311,311
姓名312,312
姓名313,313
姓名314,314
姓名315,315
姓名316,316
姓名317,317
姓名318,318
姓名319,319
姓名320,320
姓名321,321
姓名322,322
姓名323,323
姓名324,324
姓名325,325
姓名326,326
姓名327,327
姓名328,328
姓名329,329
姓名330,330
姓名331,331
姓名332,332
姓名333,333
姓名334,334
姓名335,335
姓名336,336
姓名337,337
姓名338,338
姓名339,339
姓名340,340
姓名341,341
姓名342,342
姓名343,343
姓名344,344
姓名345,345
姓名346,346
姓名347,347
姓名348,348
姓名349,349
姓名350,350
姓名351,351
姓名352,352
姓名353,353
姓名354,354
姓名355,355
姓名356,356
姓名357,357
姓名358,358
姓名359,359
姓名360,360
姓名361,361
姓名362,362
姓名363,363
姓名364,364
姓名365,365
姓名366,366
姓名367,367
姓名368,368
姓名369,369
姓名370,370
姓名371,371
姓名372,372
姓名373,373
姓名374,374
姓名375,375
姓名376,376
姓名377,377
姓名378,378
姓名379,379
姓名380,380
姓名381,381
姓名382,382
姓名383,383
姓名384,384
姓名385,385
姓名386,386
姓名387,387
姓名388,388
姓名389,389
姓名390,390
姓名391,391
姓名392,392
姓名393,393
姓名394,394
姓名395,395
姓名396,396
姓名397,397
姓名398,398
姓名399,399
姓名400,400
姓名401,401
姓名402,402
姓名403,403
姓名404,404
姓名405,405
姓名406,406
姓名407,407
姓名408,408
姓名409,409
姓名410,410
姓名411,411
姓名412,412
姓名413,413
姓名414,414
姓名415,415
姓名416,416
姓名417,417
姓名418,418
姓名419,419
姓名420,420
姓名421,421
姓名422,422
姓名423,423
姓名424,424
姓名425,425
姓名426,426
姓名427,427
姓名428,428
姓名429,429
姓名430,430
姓名431,431
姓名432,432
姓名433,433
姓名434,434
姓名435,435
姓名436,436
姓名437,437
姓名438,438
姓名439,439
姓名440,440
姓名441,441
姓名442,442
姓名443,443
姓名444,444
姓名445,445
姓名446,446
姓名447,447
姓名448,448
姓名449,449
姓名450,450
姓名451,451
姓名452,452
姓名453,453
姓名454,454
姓名455,455
姓名456,456
姓名457,457
姓名458,458
姓名459,459
姓名460,460
姓名461,461
姓名462,462
姓名463,463
姓名464,464
姓名465,465
姓名466,466
姓名467,467
姓名468,468
姓名469,469
姓名470,470
姓名471,471
姓名472,472
姓名473,473
姓名474,474
姓名475,475
姓名476,476
姓名477,477
姓名478,478
姓名479,479
姓名480,480
姓名481,481
姓名482,482
姓名483,483
姓名484,484
姓名485,485
姓名486,486
姓名487,487
姓名488,488
姓名489,489
姓名490,490
姓名491,491
姓名492,492
姓名493,493
姓名494,494
姓名495,495
姓名496,496
姓名497,497
姓名498,498
姓名499,499
姓名500,500
姓名501,501
姓名502,502
姓名503,503
姓名504,504
姓名505,505
姓名506,506
姓名507,507
姓名508,508
姓名509,509
姓名510,510
姓名511,511
姓名512,512
姓名513,513
姓名514,514
姓名515,515
姓名516,516
姓名517,517
姓名518,518
姓名519,519
姓名520,520
姓名521,521
姓名522,522
姓名523,523
姓名524,524
姓名525,525
姓名526,526
姓名527,527
姓名528,528
姓名529,529
姓名530,530
姓名531,531
姓名532,532
姓名533,533
姓名534,534
姓名535,535
姓名536,536
姓名537,537
姓名538,538
姓名539,539
姓名540,540
姓名541,541
姓名542,542
姓名543,543
姓名544,544
姓名545,545
姓名546,546
姓名547,547
姓名548,548
姓名549,549
姓名550,550
姓名551,551
姓名552,552
姓名553,553
姓名554,554
姓名555,555
姓名556,556
姓名557,557
姓名558,558
姓名559,559
姓名560,560
姓名561,561
姓名562,562
姓名563,563
姓名564,564
姓名565,565
姓名566,566
姓名567,567
姓名568,568
姓名569,569
姓名570,570
姓名571,571
姓名572,572
姓名573,573
姓名574,574
姓名575,575
姓名576,576
姓名577,577
姓名578,578
姓名579,579
姓名580,580
姓名581,581
姓名582,582
姓名583,583
姓名584,584
姓名585,585
姓名586,586
姓名587,587
姓名588,588
姓名589,589
姓名590,590
姓名591,591
姓名592,592
姓名593,593
姓名594,594
姓名595,595
姓名596,596
姓名597,597
姓名598,598
姓名599,599
姓名600,600
姓名601,601
姓名602,602
姓名603,603
姓名604,604
姓名605,605
姓名606,606
姓名607,607
姓名608,608
姓名609,609
姓名610,610
姓名611,611
姓名612,612
姓名613,613
姓名614,614
姓名615,615
姓名616,616
姓名617,617
姓名618,618
姓名619,619
姓名620,620
姓名621,621
姓名622,622
姓名623,623
姓名624,624
姓名625,625
姓名626,626
姓名627,627
姓名628,628
姓名629,629
姓名630,630
姓名631,631
姓名632,632
姓名633,633
姓名634,634
姓名635,635
姓名636,636
姓名637,637
姓名638,638
姓名639,639
姓名640,640
姓名641,641
姓名642,642
姓名643,643
姓名644,644
姓名645,645
姓名646,646
姓名647,647
姓名648,648
姓名649,649
姓名650,650
姓名651,651
姓名652,652
姓名653,653
姓名654,654
姓名655,655
姓名656,656
姓名657,657
姓名658,658
姓名659,659
姓名660,660
姓名661,661
姓名662,662
姓名663,663
姓名664,664
姓名665,665
姓名666,666
姓名667,667
姓名668,668
姓名669,669
姓名670,670
姓名671,671
姓名672,672
姓名673,673
姓名674,674
姓名675,675
姓名676,676
姓名677,677
姓名678,678
姓名679,679
姓名680,680
姓名681,681
姓名682,682
姓名683,683
姓名684,684
姓名685,685
姓名686,686
姓名687,687
姓名688,688
姓名689,689
姓名690,690
姓名691,691
姓名692,692
姓名693,693
姓名694,694
姓名695,695
姓名696,696
姓名697,697
姓名698,698
姓名699,699
姓名700,700
姓名701,701
姓名702,702
姓名703,703
姓名704,704
姓名705,705
姓名706,706
姓名707,707
姓名708,708
姓名709,709
姓名710,710
姓名711,711
姓名712,712
姓名713,713
姓名714,714
姓名715,715
姓名716,716
姓名717,717
姓名718,718
姓名719,719
姓名720,720
姓名721,721
姓名722,722
姓名723,723
姓名724,724
姓名725,725
姓名726,726
姓名727,727
姓名728,728
姓名729,729
姓名730,730
姓名731,731
姓名732,732
姓名733,733
姓名734,734
姓名735,735
姓名736,736
姓名737,737
姓名738,738
姓名739,739
姓名740,740
姓名741,741
姓名742,742
姓名743,743
姓名744,744
姓名745,745
姓名746,746
姓名747,747
姓名748,748
姓名749,749
姓名750,750
姓名751,751
姓名752,752
姓名753,753
姓名754,754
姓名755,755
姓名756,756
姓名757,757
姓名758,758
姓名759,759
姓名760,760
姓名761,761
姓名762,762
姓名763,763
姓名764,764
姓名765,765
姓名766,766
姓名767,767
姓名768,768
姓名769,769
姓名770,770
姓名771,771
姓名772,772
姓名773,773
姓名774,774
姓名775,775
姓名776,776
姓名777,777
姓名778,778
姓名779,779
姓名780,780
姓名781,781
姓名782,782
姓名783,783
姓名784,784
姓名785,785
姓名786,786
姓名787,787
姓名788,788
姓名789,789
姓名790,790
姓名791,791
姓名792,792
姓名793,793
姓名794,794
姓名795,795
姓名796,796
姓名797,797
姓名798,798
姓名799,799
姓名800,800
姓名801,801
姓名802,802
姓名803,803
姓名804,804
姓名805,805
姓名806,806
姓名807,807
姓名808,808
姓名809,809
姓名810,810
姓名811,811
姓名812,812
姓名813,813
姓名814,814
姓名815,815
姓名816,816
姓名817,817
姓名818,818
姓名819,819
姓名820,820
姓名821,821
姓名822,822
姓名823,823
姓名824,824
姓名825,825
姓名826,826
姓名827,827
姓名828,828
姓名829,829
姓名830,830
姓名831,831
姓名832,832
姓名833,833
姓名834,834
姓名835,835
姓名836,836
姓名837,837
姓名838,838
姓名839,839
姓名840,840
姓名841,841
姓名842,842
姓名843,843
姓名844,844
姓名845,845
姓名846,846
姓名847,847
姓名848,848
姓名849,849
姓名850,850
姓名851,851
姓名852,852
姓名853,853
姓名854,854
姓名855,855
姓名856,856
姓名857,857
姓名858,858
姓名859,859
姓名860,860
姓名861,861
姓名862,862
姓名863,863
姓名864,864
姓名865,865
姓名866,866
姓名867,867
姓名868,868
姓名869,869
姓名870,870
姓名871,871
姓名872,872
姓名873,873
姓名874,874
姓名875,875
姓名876,876
姓名877,877
姓名878,878
姓名879,879
姓名880,880
姓名881,881
姓名882,882
姓名883,883
姓名884,884
姓名885,885
姓名886,886
姓名887,887
姓名888,888
姓名889,889
姓名890,890
姓名891,891
姓名892,892
姓名893,893
姓名894,894
姓名895,895
姓名896,896
姓名897,897
姓名898,898
姓名899,899
姓名900,900
姓名901,901
姓名902,902
姓名903,903
姓名904,904
姓名905,905
姓名906,906
姓名907,907
姓名908,908
姓名909,909
姓名910,910
姓名911,911
姓名912,912
姓名913,913
姓名914,914
姓名915,915
姓名916,916
姓名917,917
姓名918,918
姓名919,919
姓名920,920
姓名921,921
姓名922,922
姓名923,923
姓名924,924
姓名925,925
姓名926,926
姓名927,927
姓名928,928
姓名929,929
姓名930,930
姓名931,931
姓名932,932
姓名933,933
姓名934,934
姓名935,935
姓名936,936
姓名937,937
姓名938,938
姓名939,939
姓名940,940
姓名941,941
姓名942,942
姓名943,943
姓名944,944
姓名945,945
姓名946,946
姓名947,947
姓名948,948
姓名949,949
姓名950,950
姓名951,951
姓名952,952
姓名953,953
姓名954,954
姓名955,955
姓名956,956
姓名957,957
姓名958,958
姓名959,959
姓名960,960
姓名961,961
姓名962,962
姓名963,963
姓名964,964
姓名965,965
姓名966,966
姓名967,967
姓名968,968
姓名969,969
姓名970,970
姓名971,971
姓名972,972
姓名973,973
姓名974,974
姓名975,975
姓名976,976
姓名977,977
姓名978,978
姓名979,979
姓名980,980
姓名981,981
姓名982,982
姓名983,983
姓名984,984
姓名985,985
姓名986,986
姓名987,987
姓名988,988
姓名989,989
姓名990,990
姓名991,991
姓名992,992
姓名993,993
姓名994,994
姓名995,995
姓名996,996
姓名997,997
姓名998,998
姓名999,999
姓名1000,1000
姓名1001,1001
姓名1002,1002
姓名1003,1003
姓名1004,1004
姓名1005,1005
姓名1006,1006
姓名1007,1007
姓名1008,1008
姓名1009,1009
姓名1010,1010
姓名1011,1011
姓名1012,1012
姓名1013,1013
姓名1014,1014
姓名1015,1015
姓名1016,1016
姓名1017,1017
姓名1018,1018
姓名1019,1019
姓名1020,1020
姓名1021,1021
姓名1022,1022
姓名1023,1023
姓名1024,1024
姓名1025,1025
姓名1026,1026
姓名1027,1027
姓名1028,1028
姓名1029,1029
姓名1030,1030
姓名1031,1031
姓名1032,1032
姓名1033,1033
姓名1034,1034
姓名1035,1035
姓名1036,1036
姓名1037,1037
姓名1038,1038
姓名1039,1039
姓名1040,1040
姓名1041,1041
姓名1042,1042
姓名1043,1043
姓名1044,1044
姓名1045,1045
姓名1046,1046
姓名1047,1047
姓名1048,1048
姓名1049,1049
姓名1050,1050
姓名1051,1051
姓名1052,1052
姓名1053,1053
姓名1054,1054
姓名1055,1055
姓名1056,1056
姓名1057,1057
姓名1058,1058
姓名1059,1059
姓名1060,1060
姓名1061,1061
姓名1062,1062
姓名1063,1063
姓名1064,1064
姓名1065,1065
姓名1066,1066
姓名1067,1067
姓名1068,1068
姓名1069,1069
姓名1070,1070
姓名1071,1071
姓名1072,1072
姓名1073,1073
姓名1074,1074
姓名1075,1075
姓名1076,1076
姓名1077,1077
姓名1078,1078
姓名1079,1079
姓名1080,1080
姓名1081,1081
姓名1082,1082
姓名1083,1083
姓名1084,1084
姓名1085,1085
姓名1086,1086
姓名1087,1087
姓名1088,1088
姓名1089,1089
姓名1090,1090
姓名1091,1091
姓名1092,1092
姓名1093,1093
姓名1094,1094
姓名1095,1095
姓名1096,1096
姓名1097,1097
姓名1098,1098
姓名1099,1099
姓名1100,1100
姓名1101,1101
姓名1102,1102
姓名1103,1103
姓名1104,1104
姓名1105,1105
姓名1106,1106
姓名1107,1107
姓名1108,1108
姓名1109,1109
姓名1110,1110
姓名1111,1111
姓名1112,1112
姓名1113,1113
姓名1114,1114
姓名1115,1115
姓名1116,1116
姓名1117,1117
姓名1118,1118
姓名1119,1119
姓名1120,1120
姓名1121,1121
姓名1122,1122
姓名1123,1123
姓名1124,1124
姓名1125,1125
姓名1126,1126
姓名1127,1127
姓名1128,1128
姓名1129,1129
姓名1130,1130
姓名1131,1131
姓名1132,1132
姓名1133,1133
姓名1134,1134
姓名1135,1135
姓名1136,1136
姓名1137,1137
姓名1138,1138
姓名1139,1139
姓名1140,1140
姓名1141,1141
姓名1142,1142
姓名1143,1143
姓名1144,1144
姓名1145,1145
姓名1146,1146
姓名1147,1147
姓名1148,1148
姓名1149,1149
姓名1150,1150
姓名1151,1151
姓名1152,1152
姓名1153,1153
姓名1154,1154
姓名1155,1155
姓名1156,1156
姓名1157,1157
姓名1158,1158
姓名1159,1159
姓名1160,1160
姓名1161,1161
姓名1162,1162
姓名1163,1163
姓名1164,1164
姓名1165,1165
姓名1166,1166
姓名1167,1167
姓名1168,1168
姓名1169,1169
姓名1170,1170
姓名1171,1171
姓名1172,1172
姓名1173,1173
姓名1174,1174
姓名1175,1175
姓名1176,1176
姓名1177,1177
姓名1178,1178
姓名1179,1179
姓名1180,1180
姓名1181,1181
姓名1182,1182
姓名1183,1183
姓名1184,1184
姓名1185,1185
姓名1186,1186
姓名1187,1187
姓名1188,1188
姓名1189,1189
姓名1190,1190
姓名1191,1191
姓名1192,1192
姓名1193,1193
姓名1194,1194
姓名1195,1195
姓名1196,1196
姓名1197,1197
姓名1198,1198
姓名1199,1199
姓名1200,1200
姓名1201,1201
姓名1202,1202
姓名1203,1203
姓名1204,1204
姓名1205,1205
姓名1206,1206
姓名1207,1207
姓名1208,1208
姓名1209,1209
姓名1210,1210
姓名1211,1211
姓名1212,1212
姓名1213,1213
姓名1214,1214
姓名1215,1215
姓名1216,1216
姓名1217,1217
姓名1218,1218
姓名1219,1219
姓名1220,1220
姓名1221,1221
姓名1222,1222
姓名1223,1223
姓名1224,1224
姓名1225,1225
姓名1226,1226
姓名1227,1227
姓名1228,1228
姓名1229,1229
姓名1230,1230
姓名1231,1231
姓名1232,1232
姓名1233,1233
姓名1234,1234
姓名1235,1235
姓名1236,1236
姓名1237,1237
姓名1238,1238
姓名1239,1239
姓名1240,1240
姓名1241,1241
姓名1242,1242
姓名1243,1243
姓名1244,1244
姓名1245,1245
姓名1246,1246
姓名1247,1247
姓名1248,1248
姓名1249,1249
姓名1250,1250
姓名1251,1251
姓名1252,1252
姓名1253,1253
姓名1254,1254
姓名1255,1255
姓名1256,1256
姓名1257,1257
姓名1258,1258
姓名1259,1259
姓名1260,1260
姓名1261,1261
姓名1262,1262
姓名1263,1263
姓名1264,1264
姓名1265,1265
姓名1266,1266
姓名1267,1267
姓名1268,1268
姓名1269,1269
姓名1270,1270
姓名1271,1271
姓名1272,1272
姓名1273,1273
姓名1274,1274
姓名1275,1275
姓名1276,1276
姓名1277,1277
姓名1278,1278
姓名1279,1279
姓名1280,1280
姓名1281,1281
姓名1282,1282
姓名1283,1283
姓名1284,1284
姓名1285,1285
姓名1286,1286
姓名1287,1287
姓名1288,1288
姓名1289,1289
姓名1290,1290
姓名1291,1291
姓名1292,1292
姓名1293,1293
姓名1294,1294
姓名1295,1295
姓名1296,1296
姓名1297,1297
姓名1298,1298
姓名1299,1299
姓名1300,1300
姓名1301,1301
姓名1302,1302
姓名1303,1303
姓名1304,1304
姓名1305,1305
姓名1306,1306
姓名1307,1307
姓名1308,1308
姓名1309,1309
姓名1310,1310
姓名1311,1311
姓名1312,1312
姓名1313,1313
姓名1314,1314
姓名1315,1315
姓名1316,1316
姓名1317,1317
姓名1318,1318
姓名1319,1319
姓名1320,1320
姓名1321,1321
姓名1322,1322
姓名1323,1323
姓名1324,1324
姓名1325,1325
姓名1326,1326
姓名1327,1327
姓名1328,1328
姓名1329,1329
姓名1330,1330
姓名1331,1331
姓名1332,1332
姓名1333,1333
姓名1334,1334
姓名1335,1335
姓名1336,1336
姓名1337,1337
姓名1338,1338
姓名1339,1339
姓名1340,1340
姓名1341,1341
姓名1342,1342
姓名1343,1343
姓名1344,1344
姓名1345,1345
姓名1346,1346
姓名1347,1347
姓名1348,1348
姓名1349,1349
姓名1350,1350
姓名1351,1351
姓名1352,1352
姓名1353,1353
姓名1354,1354
姓名1355,1355
姓名1356,1356
姓名1357,1357
姓名1358,1358
姓名1359,1359
姓名1360,1360
姓名1361,1361
姓名1362,1362
姓名1363,1363
姓名1364,1364
姓名1365,1365
姓名1366,1366
姓名1367,1367
姓名1368,1368
姓名1369,1369
姓名1370,1370
姓名1371,1371
姓名1372,1372
姓名1373,1373
姓名1374,1374
姓名1375,1375
姓名1376,1376
姓名1377,1377
姓名1378,1378
姓名1379,1379
姓名1380,1380
姓名1381,1381
姓名1382,1382
姓名1383,1383
姓名1384,1384
姓名1385,1385
姓名1386,1386
姓名1387,1387
姓名1388,1388
姓名1389,1389
姓名1390,1390
姓名1391,1391
姓名1392,1392
姓名1393,1393
姓名1394,1394
姓名1395,1395
姓名1396,1396
姓名1397,1397
姓名1398,1398
姓名1399,1399
姓名1400,1400
姓名1401,1401
姓名1402,1402
姓名1403,1403
姓名1404,1404
姓名1405,1405
姓名1406,1406
姓名1407,1407
姓名1408,1408
姓名1409,1409
姓名1410,1410
姓名1411,1411
姓名1412,1412
姓名1413,1413
姓名1414,1414
姓名1415,1415
姓名1416,1416
姓名1417,1417
姓名1418,1418
姓名1419,1419
姓名1420,1420
姓名1421,1421
姓名1422,1422
姓名1423,1423
姓名1424,1424
姓名1425,1425
姓名1426,1426
姓名1427,1427
姓名1428,1428
姓名1429,1429
姓名1430,1430
姓名1431,1431
姓名1432,1432
姓名1433,1433
姓名1434,1434
姓名1435,1435
姓名1436,1436
姓名1437,1437
姓名1438,1438
姓名1439,1439
姓名1440,1440
姓名1441,1441
姓名1442,1442
姓名1443,1443
姓名1444,1444
姓名1445,1445
姓名1446,1446
姓名1447,1447
姓名1448,1448
姓名1449,1449
姓名1450,1450
姓名1451,1451
姓名1452,1452
姓名1453,1453
姓名1454,1454
姓名1455,1455
姓名1456,1456
姓名1457,1457
姓名1458,1458
姓名1459,1459
姓名1460,1460
姓名1461,1461
姓名1462,1462
姓名1463,1463
姓名1464,1464
姓名1465,1465
姓名1466,1466
姓名1467,1467
姓名1468,1468
姓名1469,1469
姓名1470,1470
姓名1471,1471
姓名1472,1472
姓名1473,1473
姓名1474,1474
姓名1475,1475
姓名1476,1476
姓名1477,1477
姓名1478,1478
姓名1479,1479
姓名1480,1480
姓名1481,1481
姓名1482,1482
姓名1483,1483
姓名1484,1484
姓名1485,1485
姓名1486,1486
姓名1487,1487
姓名1488,1488
姓名1489,1489
姓名1490,1490
姓名1491,1491
姓名1492,1492
姓名1493,1493
姓名1494,1494
姓名1495,1495
姓名1496,1496
姓名1497,1497
姓名1498,1498
姓名1499,1499
姓名1500,1500
姓名1501,1501
姓名1502,1502
姓名1503,1503
姓名1504,1504
姓名1505,1505
姓名1506,1506
姓名1507,1507
姓名1508,1508
姓名1509,1509
姓名1510,1510
姓名1511,1511
姓名1512,1512
姓名1513,1513
姓名1514,1514
姓名1515,1515
姓名1516,1516
姓名1517,1517
姓名1518,1518
姓名1519,1519
姓名1520,1520
姓名1521,1521
姓名1522,1522
姓名1523,1523
姓名1524,1524
姓名1525,1525
姓名1526,1526
姓名1527,1527
姓名1528,1528
姓名1529,1529
姓名1530,1530
姓名1531,1531
姓名1532,1532
姓名1533,1533
姓名1534,1534
姓名1535,1535
姓名1536,1536
姓名1537,1537
姓名1538,1538
姓名1539,1539
姓名1540,1540
姓名1541,1541
姓名1542,1542
姓名1543,1543
姓名1544,1544
姓名1545,1545
姓名1546,1546
姓名1547,1547
姓名1548,1548
姓名1549,1549
姓名1550,1550
姓名1551,1551
姓名1552,1552
姓名1553,1553
姓名1554,1554
姓名1555,1555
姓名1556,1556
姓名1557,1557
姓名1558,1558
姓名1559,1559
姓名1560,1560
姓名1561,1561
姓名1562,1562
姓名1563,1563
姓名1564,1564
姓名1565,1565
姓名1566,1566
姓名1567,1567
姓名1568,1568
姓名1569,1569
姓名1570,1570
姓名1571,1571
姓名1572,1572
姓名1573,1573
姓名1574,1574
姓名1575,1575
姓名1576,1576
姓名1577,1577
姓名1578,1578
姓名1579,1579
姓名1580,1580
姓名1581,1581
姓名1582,1582
姓名1583,1583
姓名1584,1584
姓名1585,1585
姓名1586,1586
姓名1587,1587
姓名1588,1588
姓名1589,1589
姓名1590,1590
姓名1591,1591
姓名1592,1592
姓名1593,1593
姓名1594,1594
姓名1595,1595
姓名1596,1596
姓名1597,1597
姓名1598,1598
姓名1599,1599
姓名1600,1600
姓名1601,1601
姓名1602,1602
姓名1603,1603
姓名1604,1604
姓名1605,1605
姓名1606,1606
姓名1607,1607
姓名1608,1608
姓名1609,1609
姓名1610,1610
姓名1611,1611
姓名1612,1612
姓名1613,1613
姓名1614,1614
姓名1615,1615
姓名1616,1616
姓名1617,1617
姓名1618,1618
姓名1619,1619
姓名1620,1620
姓名1621,1621
姓名1622,1622
姓名1623,1623
姓名1624,1624
姓名1625,1625
姓名1626,1626
姓名1627,1627
姓名1628,1628
姓名1629,1629
姓名1630,1630
姓名1631,1631
姓名1632,1632
姓名1633,1633
姓名1634,1634
姓名1635,1635
姓名1636,1636
姓名1637,1637
姓名1638,1638
姓名1639,1639
姓名1640,1640
姓名1641,1641
姓名1642,1642
姓名1643,1643
姓名1644,1644
姓名1645,1645
姓名1646,1646
姓名1647,1647
姓名1648,1648
姓名1649,1649
姓名1650,1650
姓名1651,1651
姓名1652,1652
姓名1653,1653
姓名1654,1654
姓名1655,1655
姓名1656,1656
姓名1657,1657
姓名1658,1658
姓名1659,1659
姓名1660,1660
姓名1661,1661
姓名1662,1662
姓名1663,1663
姓名1664,1664
姓名1665,1665
姓名1666,1666
姓名1667,1667
姓名1668,1668
姓名1669,1669
姓名1670,1670
姓名1671,1671
姓名1672,1672
姓名1673,1673
姓名1674,1674
姓名1675,1675
姓名1676,1676
姓名1677,1677
姓名1678,1678
姓名1679,1679
姓名1680,1680
姓名1681,1681
姓名1682,1682
姓名1683,1683
姓名1684,1684
姓名1685,1685
姓名1686,1686
姓名1687,1687
姓名1688,1688
姓名1689,1689
姓名1690,1690
姓名1691,1691
姓名1692,1692
姓名1693,1693
姓名1694,1694
姓名1695,1695
姓名1696,1696
姓名1697,1697
姓名1698,1698
姓名1699,1699
姓名1700,1700
姓名1701,1701
姓名1702,1702
姓名1703,1703
姓名1704,1704
姓名1705,1705
姓名1706,1706
姓名1707,1707
姓名1708,1708
姓名1709,1709
姓名1710,1710
姓名1711,1711
姓名1712,1712
姓名1713,1713
姓名1714,1714
姓名1715,1715
姓名1716,1716
姓名1717,1717
姓名1718,1718
姓名1719,1719
姓名1720,1720
姓名1721,1721
姓名1722,1722
姓名1723,1723
姓名1724,1724
姓名1725,1725
姓名1726,1726
姓名1727,1727
姓名1728,1728
姓名1729,1729
姓名1730,1730
姓名1731,1731
姓名1732,1732
姓名1733,1733
姓名1734,1734
姓名1735,1735
姓名1736,1736
姓名1737,1737
姓名1738,1738
姓名1739,1739
姓名1740,1740
姓名1741,1741
姓名1742,1742
姓名1743,1743
姓名1744,1744
姓名1745,1745
姓名1746,1746
姓名1747,1747
姓名1748,1748
姓名1749,1749
姓名1750,1750
姓名1751,1751
姓名1752,1752
姓名1753,1753
姓名1754,1754
姓名1755,1755
姓名1756,1756
姓名1757,1757
姓名1758,1758
姓名1759,1759
姓名1760,1760
姓名1761,1761
姓名1762,1762
姓名1763,1763
姓名1764,1764
姓名1765,1765
姓名1766,1766
姓名1767,1767
姓名1768,1768
姓名1769,1769
姓名1770,1770
姓名1771,1771
姓名1772,1772
姓名1773,1773
姓名1774,1774
姓名1775,1775
姓名1776,1776
姓名1777,1777
姓名1778,1778
姓名1779,1779
姓名1780,1780
姓名1781,1781
姓名1782,1782
姓名1783,1783
姓名1784,1784
姓名1785,1785
姓名1786,1786
姓名1787,1787
姓名1788,1788
姓名1789,1789
姓名1790,1790
姓名1791,1791
姓名1792,1792
姓名1793,1793
姓名1794,1794
姓名1795,1795
姓名1796,1796
姓名1797,1797
姓名1798,1798
姓名1799,1799
姓名1800,1800
姓名1801,1801
姓名1802,1802
姓名1803,1803
姓名1804,1804
姓名1805,1805
姓名1806,1806
姓名1807,1807
姓名1808,1808
姓名1809,1809
姓名1810,1810
姓名1811,1811
姓名1812,1812
姓名1813,1813
姓名1814,1814
姓名1815,1815
姓名1816,1816
姓名1817,1817
姓名1818,1818
姓名1819,1819
姓名1820,1820
姓名1821,1821
姓名1822,1822
姓名1823,1823
姓名1824,1824
姓名1825,1825
姓名1826,1826
姓名1827,1827
姓名1828,1828
姓名1829,1829
姓名1830,1830
姓名1831,1831
姓名1832,1832
姓名1833,1833
姓名1834,1834
姓名1835,1835
姓名1836,1836
姓名1837,1837
姓名1838,1838
姓名1839,1839
姓名1840,1840
姓名1841,1841
姓名1842,1842
姓名1843,1843
姓名1844,1844
姓名1845,1845
姓名1846,1846
姓名1847,1847
姓名1848,1848
姓名1849,1849
姓名1850,1850
姓名1851,1851
姓名1852,1852
姓名1853,1853
姓名1854,1854
姓名1855,1855
姓名1856,1856
姓名1857,1857
姓名1858,1858
姓名1859,1859
姓名1860,1860
姓名1861,1861
姓名1862,1862
姓名1863,1863
姓名1864,1864
姓名1865,1865
姓名1866,1866
姓名1867,1867
姓名1868,1868
姓名1869,1869
姓名1870,1870
姓名1871,1871
姓名1872,1872
姓名1873,1873
姓名1874,1874
姓名1875,1875
姓名1876,1876
姓名1877,1877
姓名1878,1878
姓名1879,1879
姓名1880,1880
姓名1881,1881
姓名1882,1882
姓名1883,1883
姓名1884,1884
姓名1885,1885
姓名1886,1886
姓名1887,1887
姓名1888,1888
姓名1889,1889
姓名1890,1890
姓名1891,1891
姓名1892,1892
姓名1893,1893
姓名1894,1894
姓名1895,1895
姓名1896,1896
姓名1897,1897
姓名1898,1898
姓名1899,1899
姓名1900,1900
姓名1901,1901
姓名1902,1902
姓名1903,1903
姓名1904,1904
姓名1905,1905
姓名1906,1906
姓名1907,1907
姓名1908,1908
姓名1909,1909
姓名1910,1910
姓名1911,1911
姓名1912,1912
姓名1913,1913
姓名1914,1914
姓名1915,1915
姓名1916,1916
姓名1917,1917
姓名1918,1918
姓名1919,1919
姓名1920,1920
姓名1921,1921
姓名1922,1922
姓名1923,1923
姓名1924,1924
姓名1925,1925
姓名1926,1926
姓名1927,1927
姓名1928,1928
姓名1929,1929
姓名1930,1930
姓名1931,1931
姓名1932,1932
姓名1933,1933
姓名1934,1934
姓名1935,1935
姓名1936,1936
姓名1937,1937
姓名1938,1938
姓名1939,1939
姓名1940,1940
姓名1941,1941
姓名1942,1942
姓名1943,1943
姓名1944,1944
姓名1945,1945
姓名1946,1946
姓名1947,1947
姓名1948,1948
姓名1949,1949
姓名1950,1950
姓名1951,1951
姓名1952,1952
姓名1953,1953
姓名1954,1954
姓名1955,1955
姓名1956,1956
姓名1957,1957
姓名1958,1958
姓名1959,1959
姓名1960,1960
姓名1961,1961
姓名1962,1962
姓名1963,1963
姓名1964,1964
姓名1965,1965
姓名1966,1966
姓名1967,1967
姓名1968,1968
姓名1969,1969
姓名1970,1970
姓名1971,1971
姓名1972,1972
姓名1973,1973
姓名1974,1974
姓名1975,1975
姓名1976,1976
姓名1977,1977
姓名1978,1978
姓名1979,1979
姓名1980,1980
姓名1981,1981
姓名1982,1982
姓名1983,1983
姓名1984,1984
姓名1985,1985
姓名1986,1986
姓名1987,1987
姓名1988,1988
姓名1989,1989
姓名1990,1990
姓名1991,1991
姓名1992,1992
姓名1993,1993
姓名1994,1994
姓名1995,1995
姓名1996,1996
姓名1997,1997
姓名1998,1998
姓名1999,1999
