from,to,start_time, end_time
1,1,2019-09-18 10:48:39,2019-09-18 10:48:39
2,2,2019-09-18 10:48:39,2019-09-18 10:48:39
3,3,2019-09-18 10:48:39,2019-09-18 10:48:39
4,4,2019-09-18 10:48:39,2019-09-18 10:48:39
5,5,2019-09-18 10:48:39,2019-09-18 10:48:39
6,6,2019-09-18 10:48:39,2019-09-18 10:48:39
7,7,2019-09-18 10:48:39,2019-09-18 10:48:39
8,8,2019-09-18 10:48:39,2019-09-18 10:48:39
9,9,2019-09-18 10:48:39,2019-09-18 10:48:39
10,0,2019-09-18 10:48:39,2019-09-18 10:48:39
11,1,2019-09-18 10:48:39,2019-09-18 10:48:39
12,2,2019-09-18 10:48:39,2019-09-18 10:48:39
13,3,2019-09-18 10:48:39,2019-09-18 10:48:39
14,4,2019-09-18 10:48:39,2019-09-18 10:48:39
15,5,2019-09-18 10:48:39,2019-09-18 10:48:39
16,6,2019-09-18 10:48:39,2019-09-18 10:48:39
17,7,2019-09-18 10:48:39,2019-09-18 10:48:39
18,8,2019-09-18 10:48:39,2019-09-18 10:48:39
19,9,2019-09-18 10:48:39,2019-09-18 10:48:39
20,0,2019-09-18 10:48:39,2019-09-18 10:48:39
21,1,2019-09-18 10:48:39,2019-09-18 10:48:39
22,2,2019-09-18 10:48:39,2019-09-18 10:48:39
23,3,2019-09-18 10:48:39,2019-09-18 10:48:39
24,4,2019-09-18 10:48:39,2019-09-18 10:48:39
25,5,2019-09-18 10:48:39,2019-09-18 10:48:39
26,6,2019-09-18 10:48:39,2019-09-18 10:48:39
27,7,2019-09-18 10:48:39,2019-09-18 10:48:39
28,8,2019-09-18 10:48:39,2019-09-18 10:48:39
29,9,2019-09-18 10:48:39,2019-09-18 10:48:39
30,0,2019-09-18 10:48:39,2019-09-18 10:48:39
31,1,2019-09-18 10:48:39,2019-09-18 10:48:39
32,2,2019-09-18 10:48:39,2019-09-18 10:48:39
33,3,2019-09-18 10:48:39,2019-09-18 10:48:39
34,4,2019-09-18 10:48:39,2019-09-18 10:48:39
35,5,2019-09-18 10:48:39,2019-09-18 10:48:39
36,6,2019-09-18 10:48:39,2019-09-18 10:48:39
37,7,2019-09-18 10:48:39,2019-09-18 10:48:39
38,8,2019-09-18 10:48:39,2019-09-18 10:48:39
39,9,2019-09-18 10:48:39,2019-09-18 10:48:39
40,0,2019-09-18 10:48:39,2019-09-18 10:48:39
41,1,2019-09-18 10:48:39,2019-09-18 10:48:39
42,2,2019-09-18 10:48:39,2019-09-18 10:48:39
43,3,2019-09-18 10:48:39,2019-09-18 10:48:39
44,4,2019-09-18 10:48:39,2019-09-18 10:48:39
45,5,2019-09-18 10:48:39,2019-09-18 10:48:39
46,6,2019-09-18 10:48:39,2019-09-18 10:48:39
47,7,2019-09-18 10:48:39,2019-09-18 10:48:39
48,8,2019-09-18 10:48:39,2019-09-18 10:48:39
49,9,2019-09-18 10:48:39,2019-09-18 10:48:39
50,0,2019-09-18 10:48:39,2019-09-18 10:48:39
51,1,2019-09-18 10:48:39,2019-09-18 10:48:39
52,2,2019-09-18 10:48:39,2019-09-18 10:48:39
53,3,2019-09-18 10:48:39,2019-09-18 10:48:39
54,4,2019-09-18 10:48:39,2019-09-18 10:48:39
55,5,2019-09-18 10:48:39,2019-09-18 10:48:39
56,6,2019-09-18 10:48:39,2019-09-18 10:48:39
57,7,2019-09-18 10:48:39,2019-09-18 10:48:39
58,8,2019-09-18 10:48:39,2019-09-18 10:48:39
59,9,2019-09-18 10:48:39,2019-09-18 10:48:39
60,0,2019-09-18 10:48:39,2019-09-18 10:48:39
61,1,2019-09-18 10:48:39,2019-09-18 10:48:39
62,2,2019-09-18 10:48:39,2019-09-18 10:48:39
63,3,2019-09-18 10:48:39,2019-09-18 10:48:39
64,4,2019-09-18 10:48:39,2019-09-18 10:48:39
65,5,2019-09-18 10:48:39,2019-09-18 10:48:39
66,6,2019-09-18 10:48:39,2019-09-18 10:48:39
67,7,2019-09-18 10:48:39,2019-09-18 10:48:39
68,8,2019-09-18 10:48:39,2019-09-18 10:48:39
69,9,2019-09-18 10:48:39,2019-09-18 10:48:39
70,0,2019-09-18 10:48:39,2019-09-18 10:48:39
71,1,2019-09-18 10:48:39,2019-09-18 10:48:39
72,2,2019-09-18 10:48:39,2019-09-18 10:48:39
73,3,2019-09-18 10:48:39,2019-09-18 10:48:39
74,4,2019-09-18 10:48:39,2019-09-18 10:48:39
75,5,2019-09-18 10:48:39,2019-09-18 10:48:39
76,6,2019-09-18 10:48:39,2019-09-18 10:48:39
77,7,2019-09-18 10:48:39,2019-09-18 10:48:39
78,8,2019-09-18 10:48:39,2019-09-18 10:48:39
79,9,2019-09-18 10:48:39,2019-09-18 10:48:39
80,0,2019-09-18 10:48:39,2019-09-18 10:48:39
81,1,2019-09-18 10:48:39,2019-09-18 10:48:39
82,2,2019-09-18 10:48:39,2019-09-18 10:48:39
83,3,2019-09-18 10:48:39,2019-09-18 10:48:39
84,4,2019-09-18 10:48:39,2019-09-18 10:48:39
85,5,2019-09-18 10:48:39,2019-09-18 10:48:39
86,6,2019-09-18 10:48:39,2019-09-18 10:48:39
87,7,2019-09-18 10:48:39,2019-09-18 10:48:39
88,8,2019-09-18 10:48:39,2019-09-18 10:48:39
89,9,2019-09-18 10:48:39,2019-09-18 10:48:39
90,0,2019-09-18 10:48:39,2019-09-18 10:48:39
91,1,2019-09-18 10:48:39,2019-09-18 10:48:39
92,2,2019-09-18 10:48:39,2019-09-18 10:48:39
93,3,2019-09-18 10:48:39,2019-09-18 10:48:39
94,4,2019-09-18 10:48:39,2019-09-18 10:48:39
95,5,2019-09-18 10:48:39,2019-09-18 10:48:39
96,6,2019-09-18 10:48:39,2019-09-18 10:48:39
97,7,2019-09-18 10:48:39,2019-09-18 10:48:39
98,8,2019-09-18 10:48:39,2019-09-18 10:48:39
99,9,2019-09-18 10:48:39,2019-09-18 10:48:39
100,0,2019-09-18 10:48:39,2019-09-18 10:48:39
101,1,2019-09-18 10:48:39,2019-09-18 10:48:39
102,2,2019-09-18 10:48:39,2019-09-18 10:48:39
103,3,2019-09-18 10:48:39,2019-09-18 10:48:39
104,4,2019-09-18 10:48:39,2019-09-18 10:48:39
105,5,2019-09-18 10:48:39,2019-09-18 10:48:39
106,6,2019-09-18 10:48:39,2019-09-18 10:48:39
107,7,2019-09-18 10:48:39,2019-09-18 10:48:39
108,8,2019-09-18 10:48:39,2019-09-18 10:48:39
109,9,2019-09-18 10:48:39,2019-09-18 10:48:39
110,0,2019-09-18 10:48:39,2019-09-18 10:48:39
111,1,2019-09-18 10:48:39,2019-09-18 10:48:39
112,2,2019-09-18 10:48:39,2019-09-18 10:48:39
113,3,2019-09-18 10:48:39,2019-09-18 10:48:39
114,4,2019-09-18 10:48:39,2019-09-18 10:48:39
115,5,2019-09-18 10:48:39,2019-09-18 10:48:39
116,6,2019-09-18 10:48:39,2019-09-18 10:48:39
117,7,2019-09-18 10:48:39,2019-09-18 10:48:39
118,8,2019-09-18 10:48:39,2019-09-18 10:48:39
119,9,2019-09-18 10:48:39,2019-09-18 10:48:39
120,0,2019-09-18 10:48:39,2019-09-18 10:48:39
121,1,2019-09-18 10:48:39,2019-09-18 10:48:39
122,2,2019-09-18 10:48:39,2019-09-18 10:48:39
123,3,2019-09-18 10:48:39,2019-09-18 10:48:39
124,4,2019-09-18 10:48:39,2019-09-18 10:48:39
125,5,2019-09-18 10:48:39,2019-09-18 10:48:39
126,6,2019-09-18 10:48:39,2019-09-18 10:48:39
127,7,2019-09-18 10:48:39,2019-09-18 10:48:39
128,8,2019-09-18 10:48:39,2019-09-18 10:48:39
129,9,2019-09-18 10:48:39,2019-09-18 10:48:39
130,0,2019-09-18 10:48:39,2019-09-18 10:48:39
131,1,2019-09-18 10:48:39,2019-09-18 10:48:39
132,2,2019-09-18 10:48:39,2019-09-18 10:48:39
133,3,2019-09-18 10:48:39,2019-09-18 10:48:39
134,4,2019-09-18 10:48:39,2019-09-18 10:48:39
135,5,2019-09-18 10:48:39,2019-09-18 10:48:39
136,6,2019-09-18 10:48:39,2019-09-18 10:48:39
137,7,2019-09-18 10:48:39,2019-09-18 10:48:39
138,8,2019-09-18 10:48:39,2019-09-18 10:48:39
139,9,2019-09-18 10:48:39,2019-09-18 10:48:39
140,0,2019-09-18 10:48:39,2019-09-18 10:48:39
141,1,2019-09-18 10:48:39,2019-09-18 10:48:39
142,2,2019-09-18 10:48:39,2019-09-18 10:48:39
143,3,2019-09-18 10:48:39,2019-09-18 10:48:39
144,4,2019-09-18 10:48:39,2019-09-18 10:48:39
145,5,2019-09-18 10:48:39,2019-09-18 10:48:39
146,6,2019-09-18 10:48:39,2019-09-18 10:48:39
147,7,2019-09-18 10:48:39,2019-09-18 10:48:39
148,8,2019-09-18 10:48:39,2019-09-18 10:48:39
149,9,2019-09-18 10:48:39,2019-09-18 10:48:39
150,0,2019-09-18 10:48:39,2019-09-18 10:48:39
151,1,2019-09-18 10:48:39,2019-09-18 10:48:39
152,2,2019-09-18 10:48:39,2019-09-18 10:48:39
153,3,2019-09-18 10:48:39,2019-09-18 10:48:39
154,4,2019-09-18 10:48:39,2019-09-18 10:48:39
155,5,2019-09-18 10:48:39,2019-09-18 10:48:39
156,6,2019-09-18 10:48:39,2019-09-18 10:48:39
157,7,2019-09-18 10:48:39,2019-09-18 10:48:39
158,8,2019-09-18 10:48:39,2019-09-18 10:48:39
159,9,2019-09-18 10:48:39,2019-09-18 10:48:39
160,0,2019-09-18 10:48:39,2019-09-18 10:48:39
161,1,2019-09-18 10:48:39,2019-09-18 10:48:39
162,2,2019-09-18 10:48:39,2019-09-18 10:48:39
163,3,2019-09-18 10:48:39,2019-09-18 10:48:39
164,4,2019-09-18 10:48:39,2019-09-18 10:48:39
165,5,2019-09-18 10:48:39,2019-09-18 10:48:39
166,6,2019-09-18 10:48:39,2019-09-18 10:48:39
167,7,2019-09-18 10:48:39,2019-09-18 10:48:39
168,8,2019-09-18 10:48:39,2019-09-18 10:48:39
169,9,2019-09-18 10:48:39,2019-09-18 10:48:39
170,0,2019-09-18 10:48:39,2019-09-18 10:48:39
171,1,2019-09-18 10:48:39,2019-09-18 10:48:39
172,2,2019-09-18 10:48:39,2019-09-18 10:48:39
173,3,2019-09-18 10:48:39,2019-09-18 10:48:39
174,4,2019-09-18 10:48:39,2019-09-18 10:48:39
175,5,2019-09-18 10:48:39,2019-09-18 10:48:39
176,6,2019-09-18 10:48:39,2019-09-18 10:48:39
177,7,2019-09-18 10:48:39,2019-09-18 10:48:39
178,8,2019-09-18 10:48:39,2019-09-18 10:48:39
179,9,2019-09-18 10:48:39,2019-09-18 10:48:39
180,0,2019-09-18 10:48:39,2019-09-18 10:48:39
181,1,2019-09-18 10:48:39,2019-09-18 10:48:39
182,2,2019-09-18 10:48:39,2019-09-18 10:48:39
183,3,2019-09-18 10:48:39,2019-09-18 10:48:39
184,4,2019-09-18 10:48:39,2019-09-18 10:48:39
185,5,2019-09-18 10:48:39,2019-09-18 10:48:39
186,6,2019-09-18 10:48:39,2019-09-18 10:48:39
187,7,2019-09-18 10:48:39,2019-09-18 10:48:39
188,8,2019-09-18 10:48:39,2019-09-18 10:48:39
189,9,2019-09-18 10:48:39,2019-09-18 10:48:39
190,0,2019-09-18 10:48:39,2019-09-18 10:48:39
191,1,2019-09-18 10:48:39,2019-09-18 10:48:39
192,2,2019-09-18 10:48:39,2019-09-18 10:48:39
193,3,2019-09-18 10:48:39,2019-09-18 10:48:39
194,4,2019-09-18 10:48:39,2019-09-18 10:48:39
195,5,2019-09-18 10:48:39,2019-09-18 10:48:39
196,6,2019-09-18 10:48:39,2019-09-18 10:48:39
197,7,2019-09-18 10:48:39,2019-09-18 10:48:39
198,8,2019-09-18 10:48:39,2019-09-18 10:48:39
199,9,2019-09-18 10:48:39,2019-09-18 10:48:39
200,0,2019-09-18 10:48:39,2019-09-18 10:48:39
201,1,2019-09-18 10:48:39,2019-09-18 10:48:39
202,2,2019-09-18 10:48:39,2019-09-18 10:48:39
203,3,2019-09-18 10:48:39,2019-09-18 10:48:39
204,4,2019-09-18 10:48:39,2019-09-18 10:48:39
205,5,2019-09-18 10:48:39,2019-09-18 10:48:39
206,6,2019-09-18 10:48:39,2019-09-18 10:48:39
207,7,2019-09-18 10:48:39,2019-09-18 10:48:39
208,8,2019-09-18 10:48:39,2019-09-18 10:48:39
209,9,2019-09-18 10:48:39,2019-09-18 10:48:39
210,0,2019-09-18 10:48:39,2019-09-18 10:48:39
211,1,2019-09-18 10:48:39,2019-09-18 10:48:39
212,2,2019-09-18 10:48:39,2019-09-18 10:48:39
213,3,2019-09-18 10:48:39,2019-09-18 10:48:39
214,4,2019-09-18 10:48:39,2019-09-18 10:48:39
215,5,2019-09-18 10:48:39,2019-09-18 10:48:39
216,6,2019-09-18 10:48:39,2019-09-18 10:48:39
217,7,2019-09-18 10:48:39,2019-09-18 10:48:39
218,8,2019-09-18 10:48:39,2019-09-18 10:48:39
219,9,2019-09-18 10:48:39,2019-09-18 10:48:39
220,0,2019-09-18 10:48:39,2019-09-18 10:48:39
221,1,2019-09-18 10:48:39,2019-09-18 10:48:39
222,2,2019-09-18 10:48:39,2019-09-18 10:48:39
223,3,2019-09-18 10:48:39,2019-09-18 10:48:39
224,4,2019-09-18 10:48:39,2019-09-18 10:48:39
225,5,2019-09-18 10:48:39,2019-09-18 10:48:39
226,6,2019-09-18 10:48:39,2019-09-18 10:48:39
227,7,2019-09-18 10:48:39,2019-09-18 10:48:39
228,8,2019-09-18 10:48:39,2019-09-18 10:48:39
229,9,2019-09-18 10:48:39,2019-09-18 10:48:39
230,0,2019-09-18 10:48:39,2019-09-18 10:48:39
231,1,2019-09-18 10:48:39,2019-09-18 10:48:39
232,2,2019-09-18 10:48:39,2019-09-18 10:48:39
233,3,2019-09-18 10:48:39,2019-09-18 10:48:39
234,4,2019-09-18 10:48:39,2019-09-18 10:48:39
235,5,2019-09-18 10:48:39,2019-09-18 10:48:39
236,6,2019-09-18 10:48:39,2019-09-18 10:48:39
237,7,2019-09-18 10:48:39,2019-09-18 10:48:39
238,8,2019-09-18 10:48:39,2019-09-18 10:48:39
239,9,2019-09-18 10:48:39,2019-09-18 10:48:39
240,0,2019-09-18 10:48:39,2019-09-18 10:48:39
241,1,2019-09-18 10:48:39,2019-09-18 10:48:39
242,2,2019-09-18 10:48:39,2019-09-18 10:48:39
243,3,2019-09-18 10:48:39,2019-09-18 10:48:39
244,4,2019-09-18 10:48:39,2019-09-18 10:48:39
245,5,2019-09-18 10:48:39,2019-09-18 10:48:39
246,6,2019-09-18 10:48:39,2019-09-18 10:48:39
247,7,2019-09-18 10:48:39,2019-09-18 10:48:39
248,8,2019-09-18 10:48:39,2019-09-18 10:48:39
249,9,2019-09-18 10:48:39,2019-09-18 10:48:39
250,0,2019-09-18 10:48:39,2019-09-18 10:48:39
251,1,2019-09-18 10:48:39,2019-09-18 10:48:39
252,2,2019-09-18 10:48:39,2019-09-18 10:48:39
253,3,2019-09-18 10:48:39,2019-09-18 10:48:39
254,4,2019-09-18 10:48:39,2019-09-18 10:48:39
255,5,2019-09-18 10:48:39,2019-09-18 10:48:39
256,6,2019-09-18 10:48:39,2019-09-18 10:48:39
257,7,2019-09-18 10:48:39,2019-09-18 10:48:39
258,8,2019-09-18 10:48:39,2019-09-18 10:48:39
259,9,2019-09-18 10:48:39,2019-09-18 10:48:39
260,0,2019-09-18 10:48:39,2019-09-18 10:48:39
261,1,2019-09-18 10:48:39,2019-09-18 10:48:39
262,2,2019-09-18 10:48:39,2019-09-18 10:48:39
263,3,2019-09-18 10:48:39,2019-09-18 10:48:39
264,4,2019-09-18 10:48:39,2019-09-18 10:48:39
265,5,2019-09-18 10:48:39,2019-09-18 10:48:39
266,6,2019-09-18 10:48:39,2019-09-18 10:48:39
267,7,2019-09-18 10:48:39,2019-09-18 10:48:39
268,8,2019-09-18 10:48:39,2019-09-18 10:48:39
269,9,2019-09-18 10:48:39,2019-09-18 10:48:39
270,0,2019-09-18 10:48:39,2019-09-18 10:48:39
271,1,2019-09-18 10:48:39,2019-09-18 10:48:39
272,2,2019-09-18 10:48:39,2019-09-18 10:48:39
273,3,2019-09-18 10:48:39,2019-09-18 10:48:39
274,4,2019-09-18 10:48:39,2019-09-18 10:48:39
275,5,2019-09-18 10:48:39,2019-09-18 10:48:39
276,6,2019-09-18 10:48:39,2019-09-18 10:48:39
277,7,2019-09-18 10:48:39,2019-09-18 10:48:39
278,8,2019-09-18 10:48:39,2019-09-18 10:48:39
279,9,2019-09-18 10:48:39,2019-09-18 10:48:39
280,0,2019-09-18 10:48:39,2019-09-18 10:48:39
281,1,2019-09-18 10:48:39,2019-09-18 10:48:39
282,2,2019-09-18 10:48:39,2019-09-18 10:48:39
283,3,2019-09-18 10:48:39,2019-09-18 10:48:39
284,4,2019-09-18 10:48:39,2019-09-18 10:48:39
285,5,2019-09-18 10:48:39,2019-09-18 10:48:39
286,6,2019-09-18 10:48:39,2019-09-18 10:48:39
287,7,2019-09-18 10:48:39,2019-09-18 10:48:39
288,8,2019-09-18 10:48:39,2019-09-18 10:48:39
289,9,2019-09-18 10:48:39,2019-09-18 10:48:39
290,0,2019-09-18 10:48:39,2019-09-18 10:48:39
291,1,2019-09-18 10:48:39,2019-09-18 10:48:39
292,2,2019-09-18 10:48:39,2019-09-18 10:48:39
293,3,2019-09-18 10:48:39,2019-09-18 10:48:39
294,4,2019-09-18 10:48:39,2019-09-18 10:48:39
295,5,2019-09-18 10:48:39,2019-09-18 10:48:39
296,6,2019-09-18 10:48:39,2019-09-18 10:48:39
297,7,2019-09-18 10:48:39,2019-09-18 10:48:39
298,8,2019-09-18 10:48:39,2019-09-18 10:48:39
299,9,2019-09-18 10:48:39,2019-09-18 10:48:39
300,0,2019-09-18 10:48:39,2019-09-18 10:48:39
301,1,2019-09-18 10:48:39,2019-09-18 10:48:39
302,2,2019-09-18 10:48:39,2019-09-18 10:48:39
303,3,2019-09-18 10:48:39,2019-09-18 10:48:39
304,4,2019-09-18 10:48:39,2019-09-18 10:48:39
305,5,2019-09-18 10:48:39,2019-09-18 10:48:39
306,6,2019-09-18 10:48:39,2019-09-18 10:48:39
307,7,2019-09-18 10:48:39,2019-09-18 10:48:39
308,8,2019-09-18 10:48:39,2019-09-18 10:48:39
309,9,2019-09-18 10:48:39,2019-09-18 10:48:39
310,0,2019-09-18 10:48:39,2019-09-18 10:48:39
311,1,2019-09-18 10:48:39,2019-09-18 10:48:39
312,2,2019-09-18 10:48:39,2019-09-18 10:48:39
313,3,2019-09-18 10:48:39,2019-09-18 10:48:39
314,4,2019-09-18 10:48:39,2019-09-18 10:48:39
315,5,2019-09-18 10:48:39,2019-09-18 10:48:39
316,6,2019-09-18 10:48:39,2019-09-18 10:48:39
317,7,2019-09-18 10:48:39,2019-09-18 10:48:39
318,8,2019-09-18 10:48:39,2019-09-18 10:48:39
319,9,2019-09-18 10:48:39,2019-09-18 10:48:39
320,0,2019-09-18 10:48:39,2019-09-18 10:48:39
321,1,2019-09-18 10:48:39,2019-09-18 10:48:39
322,2,2019-09-18 10:48:39,2019-09-18 10:48:39
323,3,2019-09-18 10:48:39,2019-09-18 10:48:39
324,4,2019-09-18 10:48:39,2019-09-18 10:48:39
325,5,2019-09-18 10:48:39,2019-09-18 10:48:39
326,6,2019-09-18 10:48:39,2019-09-18 10:48:39
327,7,2019-09-18 10:48:39,2019-09-18 10:48:39
328,8,2019-09-18 10:48:39,2019-09-18 10:48:39
329,9,2019-09-18 10:48:39,2019-09-18 10:48:39
330,0,2019-09-18 10:48:39,2019-09-18 10:48:39
331,1,2019-09-18 10:48:39,2019-09-18 10:48:39
332,2,2019-09-18 10:48:39,2019-09-18 10:48:39
333,3,2019-09-18 10:48:39,2019-09-18 10:48:39
334,4,2019-09-18 10:48:39,2019-09-18 10:48:39
335,5,2019-09-18 10:48:39,2019-09-18 10:48:39
336,6,2019-09-18 10:48:39,2019-09-18 10:48:39
337,7,2019-09-18 10:48:39,2019-09-18 10:48:39
338,8,2019-09-18 10:48:39,2019-09-18 10:48:39
339,9,2019-09-18 10:48:39,2019-09-18 10:48:39
340,0,2019-09-18 10:48:39,2019-09-18 10:48:39
341,1,2019-09-18 10:48:39,2019-09-18 10:48:39
342,2,2019-09-18 10:48:39,2019-09-18 10:48:39
343,3,2019-09-18 10:48:39,2019-09-18 10:48:39
344,4,2019-09-18 10:48:39,2019-09-18 10:48:39
345,5,2019-09-18 10:48:39,2019-09-18 10:48:39
346,6,2019-09-18 10:48:39,2019-09-18 10:48:39
347,7,2019-09-18 10:48:39,2019-09-18 10:48:39
348,8,2019-09-18 10:48:39,2019-09-18 10:48:39
349,9,2019-09-18 10:48:39,2019-09-18 10:48:39
350,0,2019-09-18 10:48:39,2019-09-18 10:48:39
351,1,2019-09-18 10:48:39,2019-09-18 10:48:39
352,2,2019-09-18 10:48:39,2019-09-18 10:48:39
353,3,2019-09-18 10:48:39,2019-09-18 10:48:39
354,4,2019-09-18 10:48:39,2019-09-18 10:48:39
355,5,2019-09-18 10:48:39,2019-09-18 10:48:39
356,6,2019-09-18 10:48:39,2019-09-18 10:48:39
357,7,2019-09-18 10:48:39,2019-09-18 10:48:39
358,8,2019-09-18 10:48:39,2019-09-18 10:48:39
359,9,2019-09-18 10:48:39,2019-09-18 10:48:39
360,0,2019-09-18 10:48:39,2019-09-18 10:48:39
361,1,2019-09-18 10:48:39,2019-09-18 10:48:39
362,2,2019-09-18 10:48:39,2019-09-18 10:48:39
363,3,2019-09-18 10:48:39,2019-09-18 10:48:39
364,4,2019-09-18 10:48:39,2019-09-18 10:48:39
365,5,2019-09-18 10:48:39,2019-09-18 10:48:39
366,6,2019-09-18 10:48:39,2019-09-18 10:48:39
367,7,2019-09-18 10:48:39,2019-09-18 10:48:39
368,8,2019-09-18 10:48:39,2019-09-18 10:48:39
369,9,2019-09-18 10:48:39,2019-09-18 10:48:39
370,0,2019-09-18 10:48:39,2019-09-18 10:48:39
371,1,2019-09-18 10:48:39,2019-09-18 10:48:39
372,2,2019-09-18 10:48:39,2019-09-18 10:48:39
373,3,2019-09-18 10:48:39,2019-09-18 10:48:39
374,4,2019-09-18 10:48:39,2019-09-18 10:48:39
375,5,2019-09-18 10:48:39,2019-09-18 10:48:39
376,6,2019-09-18 10:48:39,2019-09-18 10:48:39
377,7,2019-09-18 10:48:39,2019-09-18 10:48:39
378,8,2019-09-18 10:48:39,2019-09-18 10:48:39
379,9,2019-09-18 10:48:39,2019-09-18 10:48:39
380,0,2019-09-18 10:48:39,2019-09-18 10:48:39
381,1,2019-09-18 10:48:39,2019-09-18 10:48:39
382,2,2019-09-18 10:48:39,2019-09-18 10:48:39
383,3,2019-09-18 10:48:39,2019-09-18 10:48:39
384,4,2019-09-18 10:48:39,2019-09-18 10:48:39
385,5,2019-09-18 10:48:39,2019-09-18 10:48:39
386,6,2019-09-18 10:48:39,2019-09-18 10:48:39
387,7,2019-09-18 10:48:39,2019-09-18 10:48:39
388,8,2019-09-18 10:48:39,2019-09-18 10:48:39
389,9,2019-09-18 10:48:39,2019-09-18 10:48:39
390,0,2019-09-18 10:48:39,2019-09-18 10:48:39
391,1,2019-09-18 10:48:39,2019-09-18 10:48:39
392,2,2019-09-18 10:48:39,2019-09-18 10:48:39
393,3,2019-09-18 10:48:39,2019-09-18 10:48:39
394,4,2019-09-18 10:48:39,2019-09-18 10:48:39
395,5,2019-09-18 10:48:39,2019-09-18 10:48:39
396,6,2019-09-18 10:48:39,2019-09-18 10:48:39
397,7,2019-09-18 10:48:39,2019-09-18 10:48:39
398,8,2019-09-18 10:48:39,2019-09-18 10:48:39
399,9,2019-09-18 10:48:39,2019-09-18 10:48:39
400,0,2019-09-18 10:48:39,2019-09-18 10:48:39
401,1,2019-09-18 10:48:39,2019-09-18 10:48:39
402,2,2019-09-18 10:48:39,2019-09-18 10:48:39
403,3,2019-09-18 10:48:39,2019-09-18 10:48:39
404,4,2019-09-18 10:48:39,2019-09-18 10:48:39
405,5,2019-09-18 10:48:39,2019-09-18 10:48:39
406,6,2019-09-18 10:48:39,2019-09-18 10:48:39
407,7,2019-09-18 10:48:39,2019-09-18 10:48:39
408,8,2019-09-18 10:48:39,2019-09-18 10:48:39
409,9,2019-09-18 10:48:39,2019-09-18 10:48:39
410,0,2019-09-18 10:48:39,2019-09-18 10:48:39
411,1,2019-09-18 10:48:39,2019-09-18 10:48:39
412,2,2019-09-18 10:48:39,2019-09-18 10:48:39
413,3,2019-09-18 10:48:39,2019-09-18 10:48:39
414,4,2019-09-18 10:48:39,2019-09-18 10:48:39
415,5,2019-09-18 10:48:39,2019-09-18 10:48:39
416,6,2019-09-18 10:48:39,2019-09-18 10:48:39
417,7,2019-09-18 10:48:39,2019-09-18 10:48:39
418,8,2019-09-18 10:48:39,2019-09-18 10:48:39
419,9,2019-09-18 10:48:39,2019-09-18 10:48:39
420,0,2019-09-18 10:48:39,2019-09-18 10:48:39
421,1,2019-09-18 10:48:39,2019-09-18 10:48:39
422,2,2019-09-18 10:48:39,2019-09-18 10:48:39
423,3,2019-09-18 10:48:39,2019-09-18 10:48:39
424,4,2019-09-18 10:48:39,2019-09-18 10:48:39
425,5,2019-09-18 10:48:39,2019-09-18 10:48:39
426,6,2019-09-18 10:48:39,2019-09-18 10:48:39
427,7,2019-09-18 10:48:39,2019-09-18 10:48:39
428,8,2019-09-18 10:48:39,2019-09-18 10:48:39
429,9,2019-09-18 10:48:39,2019-09-18 10:48:39
430,0,2019-09-18 10:48:39,2019-09-18 10:48:39
431,1,2019-09-18 10:48:39,2019-09-18 10:48:39
432,2,2019-09-18 10:48:39,2019-09-18 10:48:39
433,3,2019-09-18 10:48:39,2019-09-18 10:48:39
434,4,2019-09-18 10:48:39,2019-09-18 10:48:39
435,5,2019-09-18 10:48:39,2019-09-18 10:48:39
436,6,2019-09-18 10:48:39,2019-09-18 10:48:39
437,7,2019-09-18 10:48:39,2019-09-18 10:48:39
438,8,2019-09-18 10:48:39,2019-09-18 10:48:39
439,9,2019-09-18 10:48:39,2019-09-18 10:48:39
440,0,2019-09-18 10:48:39,2019-09-18 10:48:39
441,1,2019-09-18 10:48:39,2019-09-18 10:48:39
442,2,2019-09-18 10:48:39,2019-09-18 10:48:39
443,3,2019-09-18 10:48:39,2019-09-18 10:48:39
444,4,2019-09-18 10:48:39,2019-09-18 10:48:39
445,5,2019-09-18 10:48:39,2019-09-18 10:48:39
446,6,2019-09-18 10:48:39,2019-09-18 10:48:39
447,7,2019-09-18 10:48:39,2019-09-18 10:48:39
448,8,2019-09-18 10:48:39,2019-09-18 10:48:39
449,9,2019-09-18 10:48:39,2019-09-18 10:48:39
450,0,2019-09-18 10:48:39,2019-09-18 10:48:39
451,1,2019-09-18 10:48:39,2019-09-18 10:48:39
452,2,2019-09-18 10:48:39,2019-09-18 10:48:39
453,3,2019-09-18 10:48:39,2019-09-18 10:48:39
454,4,2019-09-18 10:48:39,2019-09-18 10:48:39
455,5,2019-09-18 10:48:39,2019-09-18 10:48:39
456,6,2019-09-18 10:48:39,2019-09-18 10:48:39
457,7,2019-09-18 10:48:39,2019-09-18 10:48:39
458,8,2019-09-18 10:48:39,2019-09-18 10:48:39
459,9,2019-09-18 10:48:39,2019-09-18 10:48:39
460,0,2019-09-18 10:48:39,2019-09-18 10:48:39
461,1,2019-09-18 10:48:39,2019-09-18 10:48:39
462,2,2019-09-18 10:48:39,2019-09-18 10:48:39
463,3,2019-09-18 10:48:39,2019-09-18 10:48:39
464,4,2019-09-18 10:48:39,2019-09-18 10:48:39
465,5,2019-09-18 10:48:39,2019-09-18 10:48:39
466,6,2019-09-18 10:48:39,2019-09-18 10:48:39
467,7,2019-09-18 10:48:39,2019-09-18 10:48:39
468,8,2019-09-18 10:48:39,2019-09-18 10:48:39
469,9,2019-09-18 10:48:39,2019-09-18 10:48:39
470,0,2019-09-18 10:48:39,2019-09-18 10:48:39
471,1,2019-09-18 10:48:39,2019-09-18 10:48:39
472,2,2019-09-18 10:48:39,2019-09-18 10:48:39
473,3,2019-09-18 10:48:39,2019-09-18 10:48:39
474,4,2019-09-18 10:48:39,2019-09-18 10:48:39
475,5,2019-09-18 10:48:39,2019-09-18 10:48:39
476,6,2019-09-18 10:48:39,2019-09-18 10:48:39
477,7,2019-09-18 10:48:39,2019-09-18 10:48:39
478,8,2019-09-18 10:48:39,2019-09-18 10:48:39
479,9,2019-09-18 10:48:39,2019-09-18 10:48:39
480,0,2019-09-18 10:48:39,2019-09-18 10:48:39
481,1,2019-09-18 10:48:39,2019-09-18 10:48:39
482,2,2019-09-18 10:48:39,2019-09-18 10:48:39
483,3,2019-09-18 10:48:39,2019-09-18 10:48:39
484,4,2019-09-18 10:48:39,2019-09-18 10:48:39
485,5,2019-09-18 10:48:39,2019-09-18 10:48:39
486,6,2019-09-18 10:48:39,2019-09-18 10:48:39
487,7,2019-09-18 10:48:39,2019-09-18 10:48:39
488,8,2019-09-18 10:48:39,2019-09-18 10:48:39
489,9,2019-09-18 10:48:39,2019-09-18 10:48:39
490,0,2019-09-18 10:48:39,2019-09-18 10:48:39
491,1,2019-09-18 10:48:39,2019-09-18 10:48:39
492,2,2019-09-18 10:48:39,2019-09-18 10:48:39
493,3,2019-09-18 10:48:39,2019-09-18 10:48:39
494,4,2019-09-18 10:48:39,2019-09-18 10:48:39
495,5,2019-09-18 10:48:39,2019-09-18 10:48:39
496,6,2019-09-18 10:48:39,2019-09-18 10:48:39
497,7,2019-09-18 10:48:39,2019-09-18 10:48:39
498,8,2019-09-18 10:48:39,2019-09-18 10:48:39
499,9,2019-09-18 10:48:39,2019-09-18 10:48:39
500,0,2019-09-18 10:48:39,2019-09-18 10:48:39
501,1,2019-09-18 10:48:39,2019-09-18 10:48:39
502,2,2019-09-18 10:48:39,2019-09-18 10:48:39
503,3,2019-09-18 10:48:39,2019-09-18 10:48:39
504,4,2019-09-18 10:48:39,2019-09-18 10:48:39
505,5,2019-09-18 10:48:39,2019-09-18 10:48:39
506,6,2019-09-18 10:48:39,2019-09-18 10:48:39
507,7,2019-09-18 10:48:39,2019-09-18 10:48:39
508,8,2019-09-18 10:48:39,2019-09-18 10:48:39
509,9,2019-09-18 10:48:39,2019-09-18 10:48:39
510,0,2019-09-18 10:48:39,2019-09-18 10:48:39
511,1,2019-09-18 10:48:39,2019-09-18 10:48:39
512,2,2019-09-18 10:48:39,2019-09-18 10:48:39
513,3,2019-09-18 10:48:39,2019-09-18 10:48:39
514,4,2019-09-18 10:48:39,2019-09-18 10:48:39
515,5,2019-09-18 10:48:39,2019-09-18 10:48:39
516,6,2019-09-18 10:48:39,2019-09-18 10:48:39
517,7,2019-09-18 10:48:39,2019-09-18 10:48:39
518,8,2019-09-18 10:48:39,2019-09-18 10:48:39
519,9,2019-09-18 10:48:39,2019-09-18 10:48:39
520,0,2019-09-18 10:48:39,2019-09-18 10:48:39
521,1,2019-09-18 10:48:39,2019-09-18 10:48:39
522,2,2019-09-18 10:48:39,2019-09-18 10:48:39
523,3,2019-09-18 10:48:39,2019-09-18 10:48:39
524,4,2019-09-18 10:48:39,2019-09-18 10:48:39
525,5,2019-09-18 10:48:39,2019-09-18 10:48:39
526,6,2019-09-18 10:48:39,2019-09-18 10:48:39
527,7,2019-09-18 10:48:39,2019-09-18 10:48:39
528,8,2019-09-18 10:48:39,2019-09-18 10:48:39
529,9,2019-09-18 10:48:39,2019-09-18 10:48:39
530,0,2019-09-18 10:48:39,2019-09-18 10:48:39
531,1,2019-09-18 10:48:39,2019-09-18 10:48:39
532,2,2019-09-18 10:48:39,2019-09-18 10:48:39
533,3,2019-09-18 10:48:39,2019-09-18 10:48:39
534,4,2019-09-18 10:48:39,2019-09-18 10:48:39
535,5,2019-09-18 10:48:39,2019-09-18 10:48:39
536,6,2019-09-18 10:48:39,2019-09-18 10:48:39
537,7,2019-09-18 10:48:39,2019-09-18 10:48:39
538,8,2019-09-18 10:48:39,2019-09-18 10:48:39
539,9,2019-09-18 10:48:39,2019-09-18 10:48:39
540,0,2019-09-18 10:48:39,2019-09-18 10:48:39
541,1,2019-09-18 10:48:39,2019-09-18 10:48:39
542,2,2019-09-18 10:48:39,2019-09-18 10:48:39
543,3,2019-09-18 10:48:39,2019-09-18 10:48:39
544,4,2019-09-18 10:48:39,2019-09-18 10:48:39
545,5,2019-09-18 10:48:39,2019-09-18 10:48:39
546,6,2019-09-18 10:48:39,2019-09-18 10:48:39
547,7,2019-09-18 10:48:39,2019-09-18 10:48:39
548,8,2019-09-18 10:48:39,2019-09-18 10:48:39
549,9,2019-09-18 10:48:39,2019-09-18 10:48:39
550,0,2019-09-18 10:48:39,2019-09-18 10:48:39
551,1,2019-09-18 10:48:39,2019-09-18 10:48:39
552,2,2019-09-18 10:48:39,2019-09-18 10:48:39
553,3,2019-09-18 10:48:39,2019-09-18 10:48:39
554,4,2019-09-18 10:48:39,2019-09-18 10:48:39
555,5,2019-09-18 10:48:39,2019-09-18 10:48:39
556,6,2019-09-18 10:48:39,2019-09-18 10:48:39
557,7,2019-09-18 10:48:39,2019-09-18 10:48:39
558,8,2019-09-18 10:48:39,2019-09-18 10:48:39
559,9,2019-09-18 10:48:39,2019-09-18 10:48:39
560,0,2019-09-18 10:48:39,2019-09-18 10:48:39
561,1,2019-09-18 10:48:39,2019-09-18 10:48:39
562,2,2019-09-18 10:48:39,2019-09-18 10:48:39
563,3,2019-09-18 10:48:39,2019-09-18 10:48:39
564,4,2019-09-18 10:48:39,2019-09-18 10:48:39
565,5,2019-09-18 10:48:39,2019-09-18 10:48:39
566,6,2019-09-18 10:48:39,2019-09-18 10:48:39
567,7,2019-09-18 10:48:39,2019-09-18 10:48:39
568,8,2019-09-18 10:48:39,2019-09-18 10:48:39
569,9,2019-09-18 10:48:39,2019-09-18 10:48:39
570,0,2019-09-18 10:48:39,2019-09-18 10:48:39
571,1,2019-09-18 10:48:39,2019-09-18 10:48:39
572,2,2019-09-18 10:48:39,2019-09-18 10:48:39
573,3,2019-09-18 10:48:39,2019-09-18 10:48:39
574,4,2019-09-18 10:48:39,2019-09-18 10:48:39
575,5,2019-09-18 10:48:39,2019-09-18 10:48:39
576,6,2019-09-18 10:48:39,2019-09-18 10:48:39
577,7,2019-09-18 10:48:39,2019-09-18 10:48:39
578,8,2019-09-18 10:48:39,2019-09-18 10:48:39
579,9,2019-09-18 10:48:39,2019-09-18 10:48:39
580,0,2019-09-18 10:48:39,2019-09-18 10:48:39
581,1,2019-09-18 10:48:39,2019-09-18 10:48:39
582,2,2019-09-18 10:48:39,2019-09-18 10:48:39
583,3,2019-09-18 10:48:39,2019-09-18 10:48:39
584,4,2019-09-18 10:48:39,2019-09-18 10:48:39
585,5,2019-09-18 10:48:39,2019-09-18 10:48:39
586,6,2019-09-18 10:48:39,2019-09-18 10:48:39
587,7,2019-09-18 10:48:39,2019-09-18 10:48:39
588,8,2019-09-18 10:48:39,2019-09-18 10:48:39
589,9,2019-09-18 10:48:39,2019-09-18 10:48:39
590,0,2019-09-18 10:48:39,2019-09-18 10:48:39
591,1,2019-09-18 10:48:39,2019-09-18 10:48:39
592,2,2019-09-18 10:48:39,2019-09-18 10:48:39
593,3,2019-09-18 10:48:39,2019-09-18 10:48:39
594,4,2019-09-18 10:48:39,2019-09-18 10:48:39
595,5,2019-09-18 10:48:39,2019-09-18 10:48:39
596,6,2019-09-18 10:48:39,2019-09-18 10:48:39
597,7,2019-09-18 10:48:39,2019-09-18 10:48:39
598,8,2019-09-18 10:48:39,2019-09-18 10:48:39
599,9,2019-09-18 10:48:39,2019-09-18 10:48:39
600,0,2019-09-18 10:48:39,2019-09-18 10:48:39
601,1,2019-09-18 10:48:39,2019-09-18 10:48:39
602,2,2019-09-18 10:48:39,2019-09-18 10:48:39
603,3,2019-09-18 10:48:39,2019-09-18 10:48:39
604,4,2019-09-18 10:48:39,2019-09-18 10:48:39
605,5,2019-09-18 10:48:39,2019-09-18 10:48:39
606,6,2019-09-18 10:48:39,2019-09-18 10:48:39
607,7,2019-09-18 10:48:39,2019-09-18 10:48:39
608,8,2019-09-18 10:48:39,2019-09-18 10:48:39
609,9,2019-09-18 10:48:39,2019-09-18 10:48:39
610,0,2019-09-18 10:48:39,2019-09-18 10:48:39
611,1,2019-09-18 10:48:39,2019-09-18 10:48:39
612,2,2019-09-18 10:48:39,2019-09-18 10:48:39
613,3,2019-09-18 10:48:39,2019-09-18 10:48:39
614,4,2019-09-18 10:48:39,2019-09-18 10:48:39
615,5,2019-09-18 10:48:39,2019-09-18 10:48:39
616,6,2019-09-18 10:48:39,2019-09-18 10:48:39
617,7,2019-09-18 10:48:39,2019-09-18 10:48:39
618,8,2019-09-18 10:48:39,2019-09-18 10:48:39
619,9,2019-09-18 10:48:39,2019-09-18 10:48:39
620,0,2019-09-18 10:48:39,2019-09-18 10:48:39
621,1,2019-09-18 10:48:39,2019-09-18 10:48:39
622,2,2019-09-18 10:48:39,2019-09-18 10:48:39
623,3,2019-09-18 10:48:39,2019-09-18 10:48:39
624,4,2019-09-18 10:48:39,2019-09-18 10:48:39
625,5,2019-09-18 10:48:39,2019-09-18 10:48:39
626,6,2019-09-18 10:48:39,2019-09-18 10:48:39
627,7,2019-09-18 10:48:39,2019-09-18 10:48:39
628,8,2019-09-18 10:48:39,2019-09-18 10:48:39
629,9,2019-09-18 10:48:39,2019-09-18 10:48:39
630,0,2019-09-18 10:48:39,2019-09-18 10:48:39
631,1,2019-09-18 10:48:39,2019-09-18 10:48:39
632,2,2019-09-18 10:48:39,2019-09-18 10:48:39
633,3,2019-09-18 10:48:39,2019-09-18 10:48:39
634,4,2019-09-18 10:48:39,2019-09-18 10:48:39
635,5,2019-09-18 10:48:39,2019-09-18 10:48:39
636,6,2019-09-18 10:48:39,2019-09-18 10:48:39
637,7,2019-09-18 10:48:39,2019-09-18 10:48:39
638,8,2019-09-18 10:48:39,2019-09-18 10:48:39
639,9,2019-09-18 10:48:39,2019-09-18 10:48:39
640,0,2019-09-18 10:48:39,2019-09-18 10:48:39
641,1,2019-09-18 10:48:39,2019-09-18 10:48:39
642,2,2019-09-18 10:48:39,2019-09-18 10:48:39
643,3,2019-09-18 10:48:39,2019-09-18 10:48:39
644,4,2019-09-18 10:48:39,2019-09-18 10:48:39
645,5,2019-09-18 10:48:39,2019-09-18 10:48:39
646,6,2019-09-18 10:48:39,2019-09-18 10:48:39
647,7,2019-09-18 10:48:39,2019-09-18 10:48:39
648,8,2019-09-18 10:48:39,2019-09-18 10:48:39
649,9,2019-09-18 10:48:39,2019-09-18 10:48:39
650,0,2019-09-18 10:48:39,2019-09-18 10:48:39
651,1,2019-09-18 10:48:39,2019-09-18 10:48:39
652,2,2019-09-18 10:48:39,2019-09-18 10:48:39
653,3,2019-09-18 10:48:39,2019-09-18 10:48:39
654,4,2019-09-18 10:48:39,2019-09-18 10:48:39
655,5,2019-09-18 10:48:39,2019-09-18 10:48:39
656,6,2019-09-18 10:48:39,2019-09-18 10:48:39
657,7,2019-09-18 10:48:39,2019-09-18 10:48:39
658,8,2019-09-18 10:48:39,2019-09-18 10:48:39
659,9,2019-09-18 10:48:39,2019-09-18 10:48:39
660,0,2019-09-18 10:48:39,2019-09-18 10:48:39
661,1,2019-09-18 10:48:39,2019-09-18 10:48:39
662,2,2019-09-18 10:48:39,2019-09-18 10:48:39
663,3,2019-09-18 10:48:39,2019-09-18 10:48:39
664,4,2019-09-18 10:48:39,2019-09-18 10:48:39
665,5,2019-09-18 10:48:39,2019-09-18 10:48:39
666,6,2019-09-18 10:48:39,2019-09-18 10:48:39
667,7,2019-09-18 10:48:39,2019-09-18 10:48:39
668,8,2019-09-18 10:48:39,2019-09-18 10:48:39
669,9,2019-09-18 10:48:39,2019-09-18 10:48:39
670,0,2019-09-18 10:48:39,2019-09-18 10:48:39
671,1,2019-09-18 10:48:39,2019-09-18 10:48:39
672,2,2019-09-18 10:48:39,2019-09-18 10:48:39
673,3,2019-09-18 10:48:39,2019-09-18 10:48:39
674,4,2019-09-18 10:48:39,2019-09-18 10:48:39
675,5,2019-09-18 10:48:39,2019-09-18 10:48:39
676,6,2019-09-18 10:48:39,2019-09-18 10:48:39
677,7,2019-09-18 10:48:39,2019-09-18 10:48:39
678,8,2019-09-18 10:48:39,2019-09-18 10:48:39
679,9,2019-09-18 10:48:39,2019-09-18 10:48:39
680,0,2019-09-18 10:48:39,2019-09-18 10:48:39
681,1,2019-09-18 10:48:39,2019-09-18 10:48:39
682,2,2019-09-18 10:48:39,2019-09-18 10:48:39
683,3,2019-09-18 10:48:39,2019-09-18 10:48:39
684,4,2019-09-18 10:48:39,2019-09-18 10:48:39
685,5,2019-09-18 10:48:39,2019-09-18 10:48:39
686,6,2019-09-18 10:48:39,2019-09-18 10:48:39
687,7,2019-09-18 10:48:39,2019-09-18 10:48:39
688,8,2019-09-18 10:48:39,2019-09-18 10:48:39
689,9,2019-09-18 10:48:39,2019-09-18 10:48:39
690,0,2019-09-18 10:48:39,2019-09-18 10:48:39
691,1,2019-09-18 10:48:39,2019-09-18 10:48:39
692,2,2019-09-18 10:48:39,2019-09-18 10:48:39
693,3,2019-09-18 10:48:39,2019-09-18 10:48:39
694,4,2019-09-18 10:48:39,2019-09-18 10:48:39
695,5,2019-09-18 10:48:39,2019-09-18 10:48:39
696,6,2019-09-18 10:48:39,2019-09-18 10:48:39
697,7,2019-09-18 10:48:39,2019-09-18 10:48:39
698,8,2019-09-18 10:48:39,2019-09-18 10:48:39
699,9,2019-09-18 10:48:39,2019-09-18 10:48:39
700,0,2019-09-18 10:48:39,2019-09-18 10:48:39
701,1,2019-09-18 10:48:39,2019-09-18 10:48:39
702,2,2019-09-18 10:48:39,2019-09-18 10:48:39
703,3,2019-09-18 10:48:39,2019-09-18 10:48:39
704,4,2019-09-18 10:48:39,2019-09-18 10:48:39
705,5,2019-09-18 10:48:39,2019-09-18 10:48:39
706,6,2019-09-18 10:48:39,2019-09-18 10:48:39
707,7,2019-09-18 10:48:39,2019-09-18 10:48:39
708,8,2019-09-18 10:48:39,2019-09-18 10:48:39
709,9,2019-09-18 10:48:39,2019-09-18 10:48:39
710,0,2019-09-18 10:48:39,2019-09-18 10:48:39
711,1,2019-09-18 10:48:39,2019-09-18 10:48:39
712,2,2019-09-18 10:48:39,2019-09-18 10:48:39
713,3,2019-09-18 10:48:39,2019-09-18 10:48:39
714,4,2019-09-18 10:48:39,2019-09-18 10:48:39
715,5,2019-09-18 10:48:39,2019-09-18 10:48:39
716,6,2019-09-18 10:48:39,2019-09-18 10:48:39
717,7,2019-09-18 10:48:39,2019-09-18 10:48:39
718,8,2019-09-18 10:48:39,2019-09-18 10:48:39
719,9,2019-09-18 10:48:39,2019-09-18 10:48:39
720,0,2019-09-18 10:48:39,2019-09-18 10:48:39
721,1,2019-09-18 10:48:39,2019-09-18 10:48:39
722,2,2019-09-18 10:48:39,2019-09-18 10:48:39
723,3,2019-09-18 10:48:39,2019-09-18 10:48:39
724,4,2019-09-18 10:48:39,2019-09-18 10:48:39
725,5,2019-09-18 10:48:39,2019-09-18 10:48:39
726,6,2019-09-18 10:48:39,2019-09-18 10:48:39
727,7,2019-09-18 10:48:39,2019-09-18 10:48:39
728,8,2019-09-18 10:48:39,2019-09-18 10:48:39
729,9,2019-09-18 10:48:39,2019-09-18 10:48:39
730,0,2019-09-18 10:48:39,2019-09-18 10:48:39
731,1,2019-09-18 10:48:39,2019-09-18 10:48:39
732,2,2019-09-18 10:48:39,2019-09-18 10:48:39
733,3,2019-09-18 10:48:39,2019-09-18 10:48:39
734,4,2019-09-18 10:48:39,2019-09-18 10:48:39
735,5,2019-09-18 10:48:39,2019-09-18 10:48:39
736,6,2019-09-18 10:48:39,2019-09-18 10:48:39
737,7,2019-09-18 10:48:39,2019-09-18 10:48:39
738,8,2019-09-18 10:48:39,2019-09-18 10:48:39
739,9,2019-09-18 10:48:39,2019-09-18 10:48:39
740,0,2019-09-18 10:48:39,2019-09-18 10:48:39
741,1,2019-09-18 10:48:39,2019-09-18 10:48:39
742,2,2019-09-18 10:48:39,2019-09-18 10:48:39
743,3,2019-09-18 10:48:39,2019-09-18 10:48:39
744,4,2019-09-18 10:48:39,2019-09-18 10:48:39
745,5,2019-09-18 10:48:39,2019-09-18 10:48:39
746,6,2019-09-18 10:48:39,2019-09-18 10:48:39
747,7,2019-09-18 10:48:39,2019-09-18 10:48:39
748,8,2019-09-18 10:48:39,2019-09-18 10:48:39
749,9,2019-09-18 10:48:39,2019-09-18 10:48:39
750,0,2019-09-18 10:48:39,2019-09-18 10:48:39
751,1,2019-09-18 10:48:39,2019-09-18 10:48:39
752,2,2019-09-18 10:48:39,2019-09-18 10:48:39
753,3,2019-09-18 10:48:39,2019-09-18 10:48:39
754,4,2019-09-18 10:48:39,2019-09-18 10:48:39
755,5,2019-09-18 10:48:39,2019-09-18 10:48:39
756,6,2019-09-18 10:48:39,2019-09-18 10:48:39
757,7,2019-09-18 10:48:39,2019-09-18 10:48:39
758,8,2019-09-18 10:48:39,2019-09-18 10:48:39
759,9,2019-09-18 10:48:39,2019-09-18 10:48:39
760,0,2019-09-18 10:48:39,2019-09-18 10:48:39
761,1,2019-09-18 10:48:39,2019-09-18 10:48:39
762,2,2019-09-18 10:48:39,2019-09-18 10:48:39
763,3,2019-09-18 10:48:39,2019-09-18 10:48:39
764,4,2019-09-18 10:48:39,2019-09-18 10:48:39
765,5,2019-09-18 10:48:39,2019-09-18 10:48:39
766,6,2019-09-18 10:48:39,2019-09-18 10:48:39
767,7,2019-09-18 10:48:39,2019-09-18 10:48:39
768,8,2019-09-18 10:48:39,2019-09-18 10:48:39
769,9,2019-09-18 10:48:39,2019-09-18 10:48:39
770,0,2019-09-18 10:48:39,2019-09-18 10:48:39
771,1,2019-09-18 10:48:39,2019-09-18 10:48:39
772,2,2019-09-18 10:48:39,2019-09-18 10:48:39
773,3,2019-09-18 10:48:39,2019-09-18 10:48:39
774,4,2019-09-18 10:48:39,2019-09-18 10:48:39
775,5,2019-09-18 10:48:39,2019-09-18 10:48:39
776,6,2019-09-18 10:48:39,2019-09-18 10:48:39
777,7,2019-09-18 10:48:39,2019-09-18 10:48:39
778,8,2019-09-18 10:48:39,2019-09-18 10:48:39
779,9,2019-09-18 10:48:39,2019-09-18 10:48:39
780,0,2019-09-18 10:48:39,2019-09-18 10:48:39
781,1,2019-09-18 10:48:39,2019-09-18 10:48:39
782,2,2019-09-18 10:48:39,2019-09-18 10:48:39
783,3,2019-09-18 10:48:39,2019-09-18 10:48:39
784,4,2019-09-18 10:48:39,2019-09-18 10:48:39
785,5,2019-09-18 10:48:39,2019-09-18 10:48:39
786,6,2019-09-18 10:48:39,2019-09-18 10:48:39
787,7,2019-09-18 10:48:39,2019-09-18 10:48:39
788,8,2019-09-18 10:48:39,2019-09-18 10:48:39
789,9,2019-09-18 10:48:39,2019-09-18 10:48:39
790,0,2019-09-18 10:48:39,2019-09-18 10:48:39
791,1,2019-09-18 10:48:39,2019-09-18 10:48:39
792,2,2019-09-18 10:48:39,2019-09-18 10:48:39
793,3,2019-09-18 10:48:39,2019-09-18 10:48:39
794,4,2019-09-18 10:48:39,2019-09-18 10:48:39
795,5,2019-09-18 10:48:39,2019-09-18 10:48:39
796,6,2019-09-18 10:48:39,2019-09-18 10:48:39
797,7,2019-09-18 10:48:39,2019-09-18 10:48:39
798,8,2019-09-18 10:48:39,2019-09-18 10:48:39
799,9,2019-09-18 10:48:39,2019-09-18 10:48:39
800,0,2019-09-18 10:48:39,2019-09-18 10:48:39
801,1,2019-09-18 10:48:39,2019-09-18 10:48:39
802,2,2019-09-18 10:48:39,2019-09-18 10:48:39
803,3,2019-09-18 10:48:39,2019-09-18 10:48:39
804,4,2019-09-18 10:48:39,2019-09-18 10:48:39
805,5,2019-09-18 10:48:39,2019-09-18 10:48:39
806,6,2019-09-18 10:48:39,2019-09-18 10:48:39
807,7,2019-09-18 10:48:39,2019-09-18 10:48:39
808,8,2019-09-18 10:48:39,2019-09-18 10:48:39
809,9,2019-09-18 10:48:39,2019-09-18 10:48:39
810,0,2019-09-18 10:48:39,2019-09-18 10:48:39
811,1,2019-09-18 10:48:39,2019-09-18 10:48:39
812,2,2019-09-18 10:48:39,2019-09-18 10:48:39
813,3,2019-09-18 10:48:39,2019-09-18 10:48:39
814,4,2019-09-18 10:48:39,2019-09-18 10:48:39
815,5,2019-09-18 10:48:39,2019-09-18 10:48:39
816,6,2019-09-18 10:48:39,2019-09-18 10:48:39
817,7,2019-09-18 10:48:39,2019-09-18 10:48:39
818,8,2019-09-18 10:48:39,2019-09-18 10:48:39
819,9,2019-09-18 10:48:39,2019-09-18 10:48:39
820,0,2019-09-18 10:48:39,2019-09-18 10:48:39
821,1,2019-09-18 10:48:39,2019-09-18 10:48:39
822,2,2019-09-18 10:48:39,2019-09-18 10:48:39
823,3,2019-09-18 10:48:39,2019-09-18 10:48:39
824,4,2019-09-18 10:48:39,2019-09-18 10:48:39
825,5,2019-09-18 10:48:39,2019-09-18 10:48:39
826,6,2019-09-18 10:48:39,2019-09-18 10:48:39
827,7,2019-09-18 10:48:39,2019-09-18 10:48:39
828,8,2019-09-18 10:48:39,2019-09-18 10:48:39
829,9,2019-09-18 10:48:39,2019-09-18 10:48:39
830,0,2019-09-18 10:48:39,2019-09-18 10:48:39
831,1,2019-09-18 10:48:39,2019-09-18 10:48:39
832,2,2019-09-18 10:48:39,2019-09-18 10:48:39
833,3,2019-09-18 10:48:39,2019-09-18 10:48:39
834,4,2019-09-18 10:48:39,2019-09-18 10:48:39
835,5,2019-09-18 10:48:39,2019-09-18 10:48:39
836,6,2019-09-18 10:48:39,2019-09-18 10:48:39
837,7,2019-09-18 10:48:39,2019-09-18 10:48:39
838,8,2019-09-18 10:48:39,2019-09-18 10:48:39
839,9,2019-09-18 10:48:39,2019-09-18 10:48:39
840,0,2019-09-18 10:48:39,2019-09-18 10:48:39
841,1,2019-09-18 10:48:39,2019-09-18 10:48:39
842,2,2019-09-18 10:48:39,2019-09-18 10:48:39
843,3,2019-09-18 10:48:39,2019-09-18 10:48:39
844,4,2019-09-18 10:48:39,2019-09-18 10:48:39
845,5,2019-09-18 10:48:39,2019-09-18 10:48:39
846,6,2019-09-18 10:48:39,2019-09-18 10:48:39
847,7,2019-09-18 10:48:39,2019-09-18 10:48:39
848,8,2019-09-18 10:48:39,2019-09-18 10:48:39
849,9,2019-09-18 10:48:39,2019-09-18 10:48:39
850,0,2019-09-18 10:48:39,2019-09-18 10:48:39
851,1,2019-09-18 10:48:39,2019-09-18 10:48:39
852,2,2019-09-18 10:48:39,2019-09-18 10:48:39
853,3,2019-09-18 10:48:39,2019-09-18 10:48:39
854,4,2019-09-18 10:48:39,2019-09-18 10:48:39
855,5,2019-09-18 10:48:39,2019-09-18 10:48:39
856,6,2019-09-18 10:48:39,2019-09-18 10:48:39
857,7,2019-09-18 10:48:39,2019-09-18 10:48:39
858,8,2019-09-18 10:48:39,2019-09-18 10:48:39
859,9,2019-09-18 10:48:39,2019-09-18 10:48:39
860,0,2019-09-18 10:48:39,2019-09-18 10:48:39
861,1,2019-09-18 10:48:39,2019-09-18 10:48:39
862,2,2019-09-18 10:48:39,2019-09-18 10:48:39
863,3,2019-09-18 10:48:39,2019-09-18 10:48:39
864,4,2019-09-18 10:48:39,2019-09-18 10:48:39
865,5,2019-09-18 10:48:39,2019-09-18 10:48:39
866,6,2019-09-18 10:48:39,2019-09-18 10:48:39
867,7,2019-09-18 10:48:39,2019-09-18 10:48:39
868,8,2019-09-18 10:48:39,2019-09-18 10:48:39
869,9,2019-09-18 10:48:39,2019-09-18 10:48:39
870,0,2019-09-18 10:48:39,2019-09-18 10:48:39
871,1,2019-09-18 10:48:39,2019-09-18 10:48:39
872,2,2019-09-18 10:48:39,2019-09-18 10:48:39
873,3,2019-09-18 10:48:39,2019-09-18 10:48:39
874,4,2019-09-18 10:48:39,2019-09-18 10:48:39
875,5,2019-09-18 10:48:39,2019-09-18 10:48:39
876,6,2019-09-18 10:48:39,2019-09-18 10:48:39
877,7,2019-09-18 10:48:39,2019-09-18 10:48:39
878,8,2019-09-18 10:48:39,2019-09-18 10:48:39
879,9,2019-09-18 10:48:39,2019-09-18 10:48:39
880,0,2019-09-18 10:48:39,2019-09-18 10:48:39
881,1,2019-09-18 10:48:39,2019-09-18 10:48:39
882,2,2019-09-18 10:48:39,2019-09-18 10:48:39
883,3,2019-09-18 10:48:39,2019-09-18 10:48:39
884,4,2019-09-18 10:48:39,2019-09-18 10:48:39
885,5,2019-09-18 10:48:39,2019-09-18 10:48:39
886,6,2019-09-18 10:48:39,2019-09-18 10:48:39
887,7,2019-09-18 10:48:39,2019-09-18 10:48:39
888,8,2019-09-18 10:48:39,2019-09-18 10:48:39
889,9,2019-09-18 10:48:39,2019-09-18 10:48:39
890,0,2019-09-18 10:48:39,2019-09-18 10:48:39
891,1,2019-09-18 10:48:39,2019-09-18 10:48:39
892,2,2019-09-18 10:48:39,2019-09-18 10:48:39
893,3,2019-09-18 10:48:39,2019-09-18 10:48:39
894,4,2019-09-18 10:48:39,2019-09-18 10:48:39
895,5,2019-09-18 10:48:39,2019-09-18 10:48:39
896,6,2019-09-18 10:48:39,2019-09-18 10:48:39
897,7,2019-09-18 10:48:39,2019-09-18 10:48:39
898,8,2019-09-18 10:48:39,2019-09-18 10:48:39
899,9,2019-09-18 10:48:39,2019-09-18 10:48:39
900,0,2019-09-18 10:48:39,2019-09-18 10:48:39
901,1,2019-09-18 10:48:39,2019-09-18 10:48:39
902,2,2019-09-18 10:48:39,2019-09-18 10:48:39
903,3,2019-09-18 10:48:39,2019-09-18 10:48:39
904,4,2019-09-18 10:48:39,2019-09-18 10:48:39
905,5,2019-09-18 10:48:39,2019-09-18 10:48:39
906,6,2019-09-18 10:48:39,2019-09-18 10:48:39
907,7,2019-09-18 10:48:39,2019-09-18 10:48:39
908,8,2019-09-18 10:48:39,2019-09-18 10:48:39
909,9,2019-09-18 10:48:39,2019-09-18 10:48:39
910,0,2019-09-18 10:48:39,2019-09-18 10:48:39
911,1,2019-09-18 10:48:39,2019-09-18 10:48:39
912,2,2019-09-18 10:48:39,2019-09-18 10:48:39
913,3,2019-09-18 10:48:39,2019-09-18 10:48:39
914,4,2019-09-18 10:48:39,2019-09-18 10:48:39
915,5,2019-09-18 10:48:39,2019-09-18 10:48:39
916,6,2019-09-18 10:48:39,2019-09-18 10:48:39
917,7,2019-09-18 10:48:39,2019-09-18 10:48:39
918,8,2019-09-18 10:48:39,2019-09-18 10:48:39
919,9,2019-09-18 10:48:39,2019-09-18 10:48:39
920,0,2019-09-18 10:48:39,2019-09-18 10:48:39
921,1,2019-09-18 10:48:39,2019-09-18 10:48:39
922,2,2019-09-18 10:48:39,2019-09-18 10:48:39
923,3,2019-09-18 10:48:39,2019-09-18 10:48:39
924,4,2019-09-18 10:48:39,2019-09-18 10:48:39
925,5,2019-09-18 10:48:39,2019-09-18 10:48:39
926,6,2019-09-18 10:48:39,2019-09-18 10:48:39
927,7,2019-09-18 10:48:39,2019-09-18 10:48:39
928,8,2019-09-18 10:48:39,2019-09-18 10:48:39
929,9,2019-09-18 10:48:39,2019-09-18 10:48:39
930,0,2019-09-18 10:48:39,2019-09-18 10:48:39
931,1,2019-09-18 10:48:39,2019-09-18 10:48:39
932,2,2019-09-18 10:48:39,2019-09-18 10:48:39
933,3,2019-09-18 10:48:39,2019-09-18 10:48:39
934,4,2019-09-18 10:48:39,2019-09-18 10:48:39
935,5,2019-09-18 10:48:39,2019-09-18 10:48:39
936,6,2019-09-18 10:48:39,2019-09-18 10:48:39
937,7,2019-09-18 10:48:39,2019-09-18 10:48:39
938,8,2019-09-18 10:48:39,2019-09-18 10:48:39
939,9,2019-09-18 10:48:39,2019-09-18 10:48:39
940,0,2019-09-18 10:48:39,2019-09-18 10:48:39
941,1,2019-09-18 10:48:39,2019-09-18 10:48:39
942,2,2019-09-18 10:48:39,2019-09-18 10:48:39
943,3,2019-09-18 10:48:39,2019-09-18 10:48:39
944,4,2019-09-18 10:48:39,2019-09-18 10:48:39
945,5,2019-09-18 10:48:39,2019-09-18 10:48:39
946,6,2019-09-18 10:48:39,2019-09-18 10:48:39
947,7,2019-09-18 10:48:39,2019-09-18 10:48:39
948,8,2019-09-18 10:48:39,2019-09-18 10:48:39
949,9,2019-09-18 10:48:39,2019-09-18 10:48:39
950,0,2019-09-18 10:48:39,2019-09-18 10:48:39
951,1,2019-09-18 10:48:39,2019-09-18 10:48:39
952,2,2019-09-18 10:48:39,2019-09-18 10:48:39
953,3,2019-09-18 10:48:39,2019-09-18 10:48:39
954,4,2019-09-18 10:48:39,2019-09-18 10:48:39
955,5,2019-09-18 10:48:39,2019-09-18 10:48:39
956,6,2019-09-18 10:48:39,2019-09-18 10:48:39
957,7,2019-09-18 10:48:39,2019-09-18 10:48:39
958,8,2019-09-18 10:48:39,2019-09-18 10:48:39
959,9,2019-09-18 10:48:39,2019-09-18 10:48:39
960,0,2019-09-18 10:48:39,2019-09-18 10:48:39
961,1,2019-09-18 10:48:39,2019-09-18 10:48:39
962,2,2019-09-18 10:48:39,2019-09-18 10:48:39
963,3,2019-09-18 10:48:39,2019-09-18 10:48:39
964,4,2019-09-18 10:48:39,2019-09-18 10:48:39
965,5,2019-09-18 10:48:39,2019-09-18 10:48:39
966,6,2019-09-18 10:48:39,2019-09-18 10:48:39
967,7,2019-09-18 10:48:39,2019-09-18 10:48:39
968,8,2019-09-18 10:48:39,2019-09-18 10:48:39
969,9,2019-09-18 10:48:39,2019-09-18 10:48:39
970,0,2019-09-18 10:48:39,2019-09-18 10:48:39
971,1,2019-09-18 10:48:39,2019-09-18 10:48:39
972,2,2019-09-18 10:48:39,2019-09-18 10:48:39
973,3,2019-09-18 10:48:39,2019-09-18 10:48:39
974,4,2019-09-18 10:48:39,2019-09-18 10:48:39
975,5,2019-09-18 10:48:39,2019-09-18 10:48:39
976,6,2019-09-18 10:48:39,2019-09-18 10:48:39
977,7,2019-09-18 10:48:39,2019-09-18 10:48:39
978,8,2019-09-18 10:48:39,2019-09-18 10:48:39
979,9,2019-09-18 10:48:39,2019-09-18 10:48:39
980,0,2019-09-18 10:48:39,2019-09-18 10:48:39
981,1,2019-09-18 10:48:39,2019-09-18 10:48:39
982,2,2019-09-18 10:48:39,2019-09-18 10:48:39
983,3,2019-09-18 10:48:39,2019-09-18 10:48:39
984,4,2019-09-18 10:48:39,2019-09-18 10:48:39
985,5,2019-09-18 10:48:39,2019-09-18 10:48:39
986,6,2019-09-18 10:48:39,2019-09-18 10:48:39
987,7,2019-09-18 10:48:39,2019-09-18 10:48:39
988,8,2019-09-18 10:48:39,2019-09-18 10:48:39
989,9,2019-09-18 10:48:39,2019-09-18 10:48:39
990,0,2019-09-18 10:48:39,2019-09-18 10:48:39
991,1,2019-09-18 10:48:39,2019-09-18 10:48:39
992,2,2019-09-18 10:48:39,2019-09-18 10:48:39
993,3,2019-09-18 10:48:39,2019-09-18 10:48:39
994,4,2019-09-18 10:48:39,2019-09-18 10:48:39
995,5,2019-09-18 10:48:39,2019-09-18 10:48:39
996,6,2019-09-18 10:48:39,2019-09-18 10:48:39
997,7,2019-09-18 10:48:39,2019-09-18 10:48:39
998,8,2019-09-18 10:48:39,2019-09-18 10:48:39
999,9,2019-09-18 10:48:39,2019-09-18 10:48:39
1000,0,2019-09-18 10:48:39,2019-09-18 10:48:39
1001,1,2019-09-18 10:48:39,2019-09-18 10:48:39
1002,2,2019-09-18 10:48:39,2019-09-18 10:48:39
1003,3,2019-09-18 10:48:39,2019-09-18 10:48:39
1004,4,2019-09-18 10:48:39,2019-09-18 10:48:39
1005,5,2019-09-18 10:48:39,2019-09-18 10:48:39
1006,6,2019-09-18 10:48:39,2019-09-18 10:48:39
1007,7,2019-09-18 10:48:39,2019-09-18 10:48:39
1008,8,2019-09-18 10:48:39,2019-09-18 10:48:39
1009,9,2019-09-18 10:48:39,2019-09-18 10:48:39
1010,0,2019-09-18 10:48:39,2019-09-18 10:48:39
1011,1,2019-09-18 10:48:39,2019-09-18 10:48:39
1012,2,2019-09-18 10:48:39,2019-09-18 10:48:39
1013,3,2019-09-18 10:48:39,2019-09-18 10:48:39
1014,4,2019-09-18 10:48:39,2019-09-18 10:48:39
1015,5,2019-09-18 10:48:39,2019-09-18 10:48:39
1016,6,2019-09-18 10:48:39,2019-09-18 10:48:39
1017,7,2019-09-18 10:48:39,2019-09-18 10:48:39
1018,8,2019-09-18 10:48:39,2019-09-18 10:48:39
1019,9,2019-09-18 10:48:39,2019-09-18 10:48:39
1020,0,2019-09-18 10:48:39,2019-09-18 10:48:39
1021,1,2019-09-18 10:48:39,2019-09-18 10:48:39
1022,2,2019-09-18 10:48:39,2019-09-18 10:48:39
1023,3,2019-09-18 10:48:39,2019-09-18 10:48:39
1024,4,2019-09-18 10:48:39,2019-09-18 10:48:39
1025,5,2019-09-18 10:48:39,2019-09-18 10:48:39
1026,6,2019-09-18 10:48:39,2019-09-18 10:48:39
1027,7,2019-09-18 10:48:39,2019-09-18 10:48:39
1028,8,2019-09-18 10:48:39,2019-09-18 10:48:39
1029,9,2019-09-18 10:48:39,2019-09-18 10:48:39
1030,0,2019-09-18 10:48:39,2019-09-18 10:48:39
1031,1,2019-09-18 10:48:39,2019-09-18 10:48:39
1032,2,2019-09-18 10:48:39,2019-09-18 10:48:39
1033,3,2019-09-18 10:48:39,2019-09-18 10:48:39
1034,4,2019-09-18 10:48:39,2019-09-18 10:48:39
1035,5,2019-09-18 10:48:39,2019-09-18 10:48:39
1036,6,2019-09-18 10:48:39,2019-09-18 10:48:39
1037,7,2019-09-18 10:48:39,2019-09-18 10:48:39
1038,8,2019-09-18 10:48:39,2019-09-18 10:48:39
1039,9,2019-09-18 10:48:39,2019-09-18 10:48:39
1040,0,2019-09-18 10:48:39,2019-09-18 10:48:39
1041,1,2019-09-18 10:48:39,2019-09-18 10:48:39
1042,2,2019-09-18 10:48:39,2019-09-18 10:48:39
1043,3,2019-09-18 10:48:39,2019-09-18 10:48:39
1044,4,2019-09-18 10:48:39,2019-09-18 10:48:39
1045,5,2019-09-18 10:48:39,2019-09-18 10:48:39
1046,6,2019-09-18 10:48:39,2019-09-18 10:48:39
1047,7,2019-09-18 10:48:39,2019-09-18 10:48:39
1048,8,2019-09-18 10:48:39,2019-09-18 10:48:39
1049,9,2019-09-18 10:48:39,2019-09-18 10:48:39
1050,0,2019-09-18 10:48:39,2019-09-18 10:48:39
1051,1,2019-09-18 10:48:39,2019-09-18 10:48:39
1052,2,2019-09-18 10:48:39,2019-09-18 10:48:39
1053,3,2019-09-18 10:48:39,2019-09-18 10:48:39
1054,4,2019-09-18 10:48:39,2019-09-18 10:48:39
1055,5,2019-09-18 10:48:39,2019-09-18 10:48:39
1056,6,2019-09-18 10:48:39,2019-09-18 10:48:39
1057,7,2019-09-18 10:48:39,2019-09-18 10:48:39
1058,8,2019-09-18 10:48:39,2019-09-18 10:48:39
1059,9,2019-09-18 10:48:39,2019-09-18 10:48:39
1060,0,2019-09-18 10:48:39,2019-09-18 10:48:39
1061,1,2019-09-18 10:48:39,2019-09-18 10:48:39
1062,2,2019-09-18 10:48:39,2019-09-18 10:48:39
1063,3,2019-09-18 10:48:39,2019-09-18 10:48:39
1064,4,2019-09-18 10:48:39,2019-09-18 10:48:39
1065,5,2019-09-18 10:48:39,2019-09-18 10:48:39
1066,6,2019-09-18 10:48:39,2019-09-18 10:48:39
1067,7,2019-09-18 10:48:39,2019-09-18 10:48:39
1068,8,2019-09-18 10:48:39,2019-09-18 10:48:39
1069,9,2019-09-18 10:48:39,2019-09-18 10:48:39
1070,0,2019-09-18 10:48:39,2019-09-18 10:48:39
1071,1,2019-09-18 10:48:39,2019-09-18 10:48:39
1072,2,2019-09-18 10:48:39,2019-09-18 10:48:39
1073,3,2019-09-18 10:48:39,2019-09-18 10:48:39
1074,4,2019-09-18 10:48:39,2019-09-18 10:48:39
1075,5,2019-09-18 10:48:39,2019-09-18 10:48:39
1076,6,2019-09-18 10:48:39,2019-09-18 10:48:39
1077,7,2019-09-18 10:48:39,2019-09-18 10:48:39
1078,8,2019-09-18 10:48:39,2019-09-18 10:48:39
1079,9,2019-09-18 10:48:39,2019-09-18 10:48:39
1080,0,2019-09-18 10:48:39,2019-09-18 10:48:39
1081,1,2019-09-18 10:48:39,2019-09-18 10:48:39
1082,2,2019-09-18 10:48:39,2019-09-18 10:48:39
1083,3,2019-09-18 10:48:39,2019-09-18 10:48:39
1084,4,2019-09-18 10:48:39,2019-09-18 10:48:39
1085,5,2019-09-18 10:48:39,2019-09-18 10:48:39
1086,6,2019-09-18 10:48:39,2019-09-18 10:48:39
1087,7,2019-09-18 10:48:39,2019-09-18 10:48:39
1088,8,2019-09-18 10:48:39,2019-09-18 10:48:39
1089,9,2019-09-18 10:48:39,2019-09-18 10:48:39
1090,0,2019-09-18 10:48:39,2019-09-18 10:48:39
1091,1,2019-09-18 10:48:39,2019-09-18 10:48:39
1092,2,2019-09-18 10:48:39,2019-09-18 10:48:39
1093,3,2019-09-18 10:48:39,2019-09-18 10:48:39
1094,4,2019-09-18 10:48:39,2019-09-18 10:48:39
1095,5,2019-09-18 10:48:39,2019-09-18 10:48:39
1096,6,2019-09-18 10:48:39,2019-09-18 10:48:39
1097,7,2019-09-18 10:48:39,2019-09-18 10:48:39
1098,8,2019-09-18 10:48:39,2019-09-18 10:48:39
1099,9,2019-09-18 10:48:39,2019-09-18 10:48:39
1100,0,2019-09-18 10:48:39,2019-09-18 10:48:39
1101,1,2019-09-18 10:48:39,2019-09-18 10:48:39
1102,2,2019-09-18 10:48:39,2019-09-18 10:48:39
1103,3,2019-09-18 10:48:39,2019-09-18 10:48:39
1104,4,2019-09-18 10:48:39,2019-09-18 10:48:39
1105,5,2019-09-18 10:48:39,2019-09-18 10:48:39
1106,6,2019-09-18 10:48:39,2019-09-18 10:48:39
1107,7,2019-09-18 10:48:39,2019-09-18 10:48:39
1108,8,2019-09-18 10:48:39,2019-09-18 10:48:39
1109,9,2019-09-18 10:48:39,2019-09-18 10:48:39
1110,0,2019-09-18 10:48:39,2019-09-18 10:48:39
1111,1,2019-09-18 10:48:39,2019-09-18 10:48:39
1112,2,2019-09-18 10:48:39,2019-09-18 10:48:39
1113,3,2019-09-18 10:48:39,2019-09-18 10:48:39
1114,4,2019-09-18 10:48:39,2019-09-18 10:48:39
1115,5,2019-09-18 10:48:39,2019-09-18 10:48:39
1116,6,2019-09-18 10:48:39,2019-09-18 10:48:39
1117,7,2019-09-18 10:48:39,2019-09-18 10:48:39
1118,8,2019-09-18 10:48:39,2019-09-18 10:48:39
1119,9,2019-09-18 10:48:39,2019-09-18 10:48:39
1120,0,2019-09-18 10:48:39,2019-09-18 10:48:39
1121,1,2019-09-18 10:48:39,2019-09-18 10:48:39
1122,2,2019-09-18 10:48:39,2019-09-18 10:48:39
1123,3,2019-09-18 10:48:39,2019-09-18 10:48:39
1124,4,2019-09-18 10:48:39,2019-09-18 10:48:39
1125,5,2019-09-18 10:48:39,2019-09-18 10:48:39
1126,6,2019-09-18 10:48:39,2019-09-18 10:48:39
1127,7,2019-09-18 10:48:39,2019-09-18 10:48:39
1128,8,2019-09-18 10:48:39,2019-09-18 10:48:39
1129,9,2019-09-18 10:48:39,2019-09-18 10:48:39
1130,0,2019-09-18 10:48:39,2019-09-18 10:48:39
1131,1,2019-09-18 10:48:39,2019-09-18 10:48:39
1132,2,2019-09-18 10:48:39,2019-09-18 10:48:39
1133,3,2019-09-18 10:48:39,2019-09-18 10:48:39
1134,4,2019-09-18 10:48:39,2019-09-18 10:48:39
1135,5,2019-09-18 10:48:39,2019-09-18 10:48:39
1136,6,2019-09-18 10:48:39,2019-09-18 10:48:39
1137,7,2019-09-18 10:48:39,2019-09-18 10:48:39
1138,8,2019-09-18 10:48:39,2019-09-18 10:48:39
1139,9,2019-09-18 10:48:39,2019-09-18 10:48:39
1140,0,2019-09-18 10:48:39,2019-09-18 10:48:39
1141,1,2019-09-18 10:48:39,2019-09-18 10:48:39
1142,2,2019-09-18 10:48:39,2019-09-18 10:48:39
1143,3,2019-09-18 10:48:39,2019-09-18 10:48:39
1144,4,2019-09-18 10:48:39,2019-09-18 10:48:39
1145,5,2019-09-18 10:48:39,2019-09-18 10:48:39
1146,6,2019-09-18 10:48:39,2019-09-18 10:48:39
1147,7,2019-09-18 10:48:39,2019-09-18 10:48:39
1148,8,2019-09-18 10:48:39,2019-09-18 10:48:39
1149,9,2019-09-18 10:48:39,2019-09-18 10:48:39
1150,0,2019-09-18 10:48:39,2019-09-18 10:48:39
1151,1,2019-09-18 10:48:39,2019-09-18 10:48:39
1152,2,2019-09-18 10:48:39,2019-09-18 10:48:39
1153,3,2019-09-18 10:48:39,2019-09-18 10:48:39
1154,4,2019-09-18 10:48:39,2019-09-18 10:48:39
1155,5,2019-09-18 10:48:39,2019-09-18 10:48:39
1156,6,2019-09-18 10:48:39,2019-09-18 10:48:39
1157,7,2019-09-18 10:48:39,2019-09-18 10:48:39
1158,8,2019-09-18 10:48:39,2019-09-18 10:48:39
1159,9,2019-09-18 10:48:39,2019-09-18 10:48:39
1160,0,2019-09-18 10:48:39,2019-09-18 10:48:39
1161,1,2019-09-18 10:48:39,2019-09-18 10:48:39
1162,2,2019-09-18 10:48:39,2019-09-18 10:48:39
1163,3,2019-09-18 10:48:39,2019-09-18 10:48:39
1164,4,2019-09-18 10:48:39,2019-09-18 10:48:39
1165,5,2019-09-18 10:48:39,2019-09-18 10:48:39
1166,6,2019-09-18 10:48:39,2019-09-18 10:48:39
1167,7,2019-09-18 10:48:39,2019-09-18 10:48:39
1168,8,2019-09-18 10:48:39,2019-09-18 10:48:39
1169,9,2019-09-18 10:48:39,2019-09-18 10:48:39
1170,0,2019-09-18 10:48:39,2019-09-18 10:48:39
1171,1,2019-09-18 10:48:39,2019-09-18 10:48:39
1172,2,2019-09-18 10:48:39,2019-09-18 10:48:39
1173,3,2019-09-18 10:48:39,2019-09-18 10:48:39
1174,4,2019-09-18 10:48:39,2019-09-18 10:48:39
1175,5,2019-09-18 10:48:39,2019-09-18 10:48:39
1176,6,2019-09-18 10:48:39,2019-09-18 10:48:39
1177,7,2019-09-18 10:48:39,2019-09-18 10:48:39
1178,8,2019-09-18 10:48:39,2019-09-18 10:48:39
1179,9,2019-09-18 10:48:39,2019-09-18 10:48:39
1180,0,2019-09-18 10:48:39,2019-09-18 10:48:39
1181,1,2019-09-18 10:48:39,2019-09-18 10:48:39
1182,2,2019-09-18 10:48:39,2019-09-18 10:48:39
1183,3,2019-09-18 10:48:39,2019-09-18 10:48:39
1184,4,2019-09-18 10:48:39,2019-09-18 10:48:39
1185,5,2019-09-18 10:48:39,2019-09-18 10:48:39
1186,6,2019-09-18 10:48:39,2019-09-18 10:48:39
1187,7,2019-09-18 10:48:39,2019-09-18 10:48:39
1188,8,2019-09-18 10:48:39,2019-09-18 10:48:39
1189,9,2019-09-18 10:48:39,2019-09-18 10:48:39
1190,0,2019-09-18 10:48:39,2019-09-18 10:48:39
1191,1,2019-09-18 10:48:39,2019-09-18 10:48:39
1192,2,2019-09-18 10:48:39,2019-09-18 10:48:39
1193,3,2019-09-18 10:48:39,2019-09-18 10:48:39
1194,4,2019-09-18 10:48:39,2019-09-18 10:48:39
1195,5,2019-09-18 10:48:39,2019-09-18 10:48:39
1196,6,2019-09-18 10:48:39,2019-09-18 10:48:39
1197,7,2019-09-18 10:48:39,2019-09-18 10:48:39
1198,8,2019-09-18 10:48:39,2019-09-18 10:48:39
1199,9,2019-09-18 10:48:39,2019-09-18 10:48:39
1200,0,2019-09-18 10:48:39,2019-09-18 10:48:39
1201,1,2019-09-18 10:48:39,2019-09-18 10:48:39
1202,2,2019-09-18 10:48:39,2019-09-18 10:48:39
1203,3,2019-09-18 10:48:39,2019-09-18 10:48:39
1204,4,2019-09-18 10:48:39,2019-09-18 10:48:39
1205,5,2019-09-18 10:48:39,2019-09-18 10:48:39
1206,6,2019-09-18 10:48:39,2019-09-18 10:48:39
1207,7,2019-09-18 10:48:39,2019-09-18 10:48:39
1208,8,2019-09-18 10:48:39,2019-09-18 10:48:39
1209,9,2019-09-18 10:48:39,2019-09-18 10:48:39
1210,0,2019-09-18 10:48:39,2019-09-18 10:48:39
1211,1,2019-09-18 10:48:39,2019-09-18 10:48:39
1212,2,2019-09-18 10:48:39,2019-09-18 10:48:39
1213,3,2019-09-18 10:48:39,2019-09-18 10:48:39
1214,4,2019-09-18 10:48:39,2019-09-18 10:48:39
1215,5,2019-09-18 10:48:39,2019-09-18 10:48:39
1216,6,2019-09-18 10:48:39,2019-09-18 10:48:39
1217,7,2019-09-18 10:48:39,2019-09-18 10:48:39
1218,8,2019-09-18 10:48:39,2019-09-18 10:48:39
1219,9,2019-09-18 10:48:39,2019-09-18 10:48:39
1220,0,2019-09-18 10:48:39,2019-09-18 10:48:39
1221,1,2019-09-18 10:48:39,2019-09-18 10:48:39
1222,2,2019-09-18 10:48:39,2019-09-18 10:48:39
1223,3,2019-09-18 10:48:39,2019-09-18 10:48:39
1224,4,2019-09-18 10:48:39,2019-09-18 10:48:39
1225,5,2019-09-18 10:48:39,2019-09-18 10:48:39
1226,6,2019-09-18 10:48:39,2019-09-18 10:48:39
1227,7,2019-09-18 10:48:39,2019-09-18 10:48:39
1228,8,2019-09-18 10:48:39,2019-09-18 10:48:39
1229,9,2019-09-18 10:48:39,2019-09-18 10:48:39
1230,0,2019-09-18 10:48:39,2019-09-18 10:48:39
1231,1,2019-09-18 10:48:39,2019-09-18 10:48:39
1232,2,2019-09-18 10:48:39,2019-09-18 10:48:39
1233,3,2019-09-18 10:48:39,2019-09-18 10:48:39
1234,4,2019-09-18 10:48:39,2019-09-18 10:48:39
1235,5,2019-09-18 10:48:39,2019-09-18 10:48:39
1236,6,2019-09-18 10:48:39,2019-09-18 10:48:39
1237,7,2019-09-18 10:48:39,2019-09-18 10:48:39
1238,8,2019-09-18 10:48:39,2019-09-18 10:48:39
1239,9,2019-09-18 10:48:39,2019-09-18 10:48:39
1240,0,2019-09-18 10:48:39,2019-09-18 10:48:39
1241,1,2019-09-18 10:48:39,2019-09-18 10:48:39
1242,2,2019-09-18 10:48:39,2019-09-18 10:48:39
1243,3,2019-09-18 10:48:39,2019-09-18 10:48:39
1244,4,2019-09-18 10:48:39,2019-09-18 10:48:39
1245,5,2019-09-18 10:48:39,2019-09-18 10:48:39
1246,6,2019-09-18 10:48:39,2019-09-18 10:48:39
1247,7,2019-09-18 10:48:39,2019-09-18 10:48:39
1248,8,2019-09-18 10:48:39,2019-09-18 10:48:39
1249,9,2019-09-18 10:48:39,2019-09-18 10:48:39
1250,0,2019-09-18 10:48:39,2019-09-18 10:48:39
1251,1,2019-09-18 10:48:39,2019-09-18 10:48:39
1252,2,2019-09-18 10:48:39,2019-09-18 10:48:39
1253,3,2019-09-18 10:48:39,2019-09-18 10:48:39
1254,4,2019-09-18 10:48:39,2019-09-18 10:48:39
1255,5,2019-09-18 10:48:39,2019-09-18 10:48:39
1256,6,2019-09-18 10:48:39,2019-09-18 10:48:39
1257,7,2019-09-18 10:48:39,2019-09-18 10:48:39
1258,8,2019-09-18 10:48:39,2019-09-18 10:48:39
1259,9,2019-09-18 10:48:39,2019-09-18 10:48:39
1260,0,2019-09-18 10:48:39,2019-09-18 10:48:39
1261,1,2019-09-18 10:48:39,2019-09-18 10:48:39
1262,2,2019-09-18 10:48:39,2019-09-18 10:48:39
1263,3,2019-09-18 10:48:39,2019-09-18 10:48:39
1264,4,2019-09-18 10:48:39,2019-09-18 10:48:39
1265,5,2019-09-18 10:48:39,2019-09-18 10:48:39
1266,6,2019-09-18 10:48:39,2019-09-18 10:48:39
1267,7,2019-09-18 10:48:39,2019-09-18 10:48:39
1268,8,2019-09-18 10:48:39,2019-09-18 10:48:39
1269,9,2019-09-18 10:48:39,2019-09-18 10:48:39
1270,0,2019-09-18 10:48:39,2019-09-18 10:48:39
1271,1,2019-09-18 10:48:39,2019-09-18 10:48:39
1272,2,2019-09-18 10:48:39,2019-09-18 10:48:39
1273,3,2019-09-18 10:48:39,2019-09-18 10:48:39
1274,4,2019-09-18 10:48:39,2019-09-18 10:48:39
1275,5,2019-09-18 10:48:39,2019-09-18 10:48:39
1276,6,2019-09-18 10:48:39,2019-09-18 10:48:39
1277,7,2019-09-18 10:48:39,2019-09-18 10:48:39
1278,8,2019-09-18 10:48:39,2019-09-18 10:48:39
1279,9,2019-09-18 10:48:39,2019-09-18 10:48:39
1280,0,2019-09-18 10:48:39,2019-09-18 10:48:39
1281,1,2019-09-18 10:48:39,2019-09-18 10:48:39
1282,2,2019-09-18 10:48:39,2019-09-18 10:48:39
1283,3,2019-09-18 10:48:39,2019-09-18 10:48:39
1284,4,2019-09-18 10:48:39,2019-09-18 10:48:39
1285,5,2019-09-18 10:48:39,2019-09-18 10:48:39
1286,6,2019-09-18 10:48:39,2019-09-18 10:48:39
1287,7,2019-09-18 10:48:39,2019-09-18 10:48:39
1288,8,2019-09-18 10:48:39,2019-09-18 10:48:39
1289,9,2019-09-18 10:48:39,2019-09-18 10:48:39
1290,0,2019-09-18 10:48:39,2019-09-18 10:48:39
1291,1,2019-09-18 10:48:39,2019-09-18 10:48:39
1292,2,2019-09-18 10:48:39,2019-09-18 10:48:39
1293,3,2019-09-18 10:48:39,2019-09-18 10:48:39
1294,4,2019-09-18 10:48:39,2019-09-18 10:48:39
1295,5,2019-09-18 10:48:39,2019-09-18 10:48:39
1296,6,2019-09-18 10:48:39,2019-09-18 10:48:39
1297,7,2019-09-18 10:48:39,2019-09-18 10:48:39
1298,8,2019-09-18 10:48:39,2019-09-18 10:48:39
1299,9,2019-09-18 10:48:39,2019-09-18 10:48:39
1300,0,2019-09-18 10:48:39,2019-09-18 10:48:39
1301,1,2019-09-18 10:48:39,2019-09-18 10:48:39
1302,2,2019-09-18 10:48:39,2019-09-18 10:48:39
1303,3,2019-09-18 10:48:39,2019-09-18 10:48:39
1304,4,2019-09-18 10:48:39,2019-09-18 10:48:39
1305,5,2019-09-18 10:48:39,2019-09-18 10:48:39
1306,6,2019-09-18 10:48:39,2019-09-18 10:48:39
1307,7,2019-09-18 10:48:39,2019-09-18 10:48:39
1308,8,2019-09-18 10:48:39,2019-09-18 10:48:39
1309,9,2019-09-18 10:48:39,2019-09-18 10:48:39
1310,0,2019-09-18 10:48:39,2019-09-18 10:48:39
1311,1,2019-09-18 10:48:39,2019-09-18 10:48:39
1312,2,2019-09-18 10:48:39,2019-09-18 10:48:39
1313,3,2019-09-18 10:48:39,2019-09-18 10:48:39
1314,4,2019-09-18 10:48:39,2019-09-18 10:48:39
1315,5,2019-09-18 10:48:39,2019-09-18 10:48:39
1316,6,2019-09-18 10:48:39,2019-09-18 10:48:39
1317,7,2019-09-18 10:48:39,2019-09-18 10:48:39
1318,8,2019-09-18 10:48:39,2019-09-18 10:48:39
1319,9,2019-09-18 10:48:39,2019-09-18 10:48:39
1320,0,2019-09-18 10:48:39,2019-09-18 10:48:39
1321,1,2019-09-18 10:48:39,2019-09-18 10:48:39
1322,2,2019-09-18 10:48:39,2019-09-18 10:48:39
1323,3,2019-09-18 10:48:39,2019-09-18 10:48:39
1324,4,2019-09-18 10:48:39,2019-09-18 10:48:39
1325,5,2019-09-18 10:48:39,2019-09-18 10:48:39
1326,6,2019-09-18 10:48:39,2019-09-18 10:48:39
1327,7,2019-09-18 10:48:39,2019-09-18 10:48:39
1328,8,2019-09-18 10:48:39,2019-09-18 10:48:39
1329,9,2019-09-18 10:48:39,2019-09-18 10:48:39
1330,0,2019-09-18 10:48:39,2019-09-18 10:48:39
1331,1,2019-09-18 10:48:39,2019-09-18 10:48:39
1332,2,2019-09-18 10:48:39,2019-09-18 10:48:39
1333,3,2019-09-18 10:48:39,2019-09-18 10:48:39
1334,4,2019-09-18 10:48:39,2019-09-18 10:48:39
1335,5,2019-09-18 10:48:39,2019-09-18 10:48:39
1336,6,2019-09-18 10:48:39,2019-09-18 10:48:39
1337,7,2019-09-18 10:48:39,2019-09-18 10:48:39
1338,8,2019-09-18 10:48:39,2019-09-18 10:48:39
1339,9,2019-09-18 10:48:39,2019-09-18 10:48:39
1340,0,2019-09-18 10:48:39,2019-09-18 10:48:39
1341,1,2019-09-18 10:48:39,2019-09-18 10:48:39
1342,2,2019-09-18 10:48:39,2019-09-18 10:48:39
1343,3,2019-09-18 10:48:39,2019-09-18 10:48:39
1344,4,2019-09-18 10:48:39,2019-09-18 10:48:39
1345,5,2019-09-18 10:48:39,2019-09-18 10:48:39
1346,6,2019-09-18 10:48:39,2019-09-18 10:48:39
1347,7,2019-09-18 10:48:39,2019-09-18 10:48:39
1348,8,2019-09-18 10:48:39,2019-09-18 10:48:39
1349,9,2019-09-18 10:48:39,2019-09-18 10:48:39
1350,0,2019-09-18 10:48:39,2019-09-18 10:48:39
1351,1,2019-09-18 10:48:39,2019-09-18 10:48:39
1352,2,2019-09-18 10:48:39,2019-09-18 10:48:39
1353,3,2019-09-18 10:48:39,2019-09-18 10:48:39
1354,4,2019-09-18 10:48:39,2019-09-18 10:48:39
1355,5,2019-09-18 10:48:39,2019-09-18 10:48:39
1356,6,2019-09-18 10:48:39,2019-09-18 10:48:39
1357,7,2019-09-18 10:48:39,2019-09-18 10:48:39
1358,8,2019-09-18 10:48:39,2019-09-18 10:48:39
1359,9,2019-09-18 10:48:39,2019-09-18 10:48:39
1360,0,2019-09-18 10:48:39,2019-09-18 10:48:39
1361,1,2019-09-18 10:48:39,2019-09-18 10:48:39
1362,2,2019-09-18 10:48:39,2019-09-18 10:48:39
1363,3,2019-09-18 10:48:39,2019-09-18 10:48:39
1364,4,2019-09-18 10:48:39,2019-09-18 10:48:39
1365,5,2019-09-18 10:48:39,2019-09-18 10:48:39
1366,6,2019-09-18 10:48:39,2019-09-18 10:48:39
1367,7,2019-09-18 10:48:39,2019-09-18 10:48:39
1368,8,2019-09-18 10:48:39,2019-09-18 10:48:39
1369,9,2019-09-18 10:48:39,2019-09-18 10:48:39
1370,0,2019-09-18 10:48:39,2019-09-18 10:48:39
1371,1,2019-09-18 10:48:39,2019-09-18 10:48:39
1372,2,2019-09-18 10:48:39,2019-09-18 10:48:39
1373,3,2019-09-18 10:48:39,2019-09-18 10:48:39
1374,4,2019-09-18 10:48:39,2019-09-18 10:48:39
1375,5,2019-09-18 10:48:39,2019-09-18 10:48:39
1376,6,2019-09-18 10:48:39,2019-09-18 10:48:39
1377,7,2019-09-18 10:48:39,2019-09-18 10:48:39
1378,8,2019-09-18 10:48:39,2019-09-18 10:48:39
1379,9,2019-09-18 10:48:39,2019-09-18 10:48:39
1380,0,2019-09-18 10:48:39,2019-09-18 10:48:39
1381,1,2019-09-18 10:48:39,2019-09-18 10:48:39
1382,2,2019-09-18 10:48:39,2019-09-18 10:48:39
1383,3,2019-09-18 10:48:39,2019-09-18 10:48:39
1384,4,2019-09-18 10:48:39,2019-09-18 10:48:39
1385,5,2019-09-18 10:48:39,2019-09-18 10:48:39
1386,6,2019-09-18 10:48:39,2019-09-18 10:48:39
1387,7,2019-09-18 10:48:39,2019-09-18 10:48:39
1388,8,2019-09-18 10:48:39,2019-09-18 10:48:39
1389,9,2019-09-18 10:48:39,2019-09-18 10:48:39
1390,0,2019-09-18 10:48:39,2019-09-18 10:48:39
1391,1,2019-09-18 10:48:39,2019-09-18 10:48:39
1392,2,2019-09-18 10:48:39,2019-09-18 10:48:39
1393,3,2019-09-18 10:48:39,2019-09-18 10:48:39
1394,4,2019-09-18 10:48:39,2019-09-18 10:48:39
1395,5,2019-09-18 10:48:39,2019-09-18 10:48:39
1396,6,2019-09-18 10:48:39,2019-09-18 10:48:39
1397,7,2019-09-18 10:48:39,2019-09-18 10:48:39
1398,8,2019-09-18 10:48:39,2019-09-18 10:48:39
1399,9,2019-09-18 10:48:39,2019-09-18 10:48:39
1400,0,2019-09-18 10:48:39,2019-09-18 10:48:39
1401,1,2019-09-18 10:48:39,2019-09-18 10:48:39
1402,2,2019-09-18 10:48:39,2019-09-18 10:48:39
1403,3,2019-09-18 10:48:39,2019-09-18 10:48:39
1404,4,2019-09-18 10:48:39,2019-09-18 10:48:39
1405,5,2019-09-18 10:48:39,2019-09-18 10:48:39
1406,6,2019-09-18 10:48:39,2019-09-18 10:48:39
1407,7,2019-09-18 10:48:39,2019-09-18 10:48:39
1408,8,2019-09-18 10:48:39,2019-09-18 10:48:39
1409,9,2019-09-18 10:48:39,2019-09-18 10:48:39
1410,0,2019-09-18 10:48:39,2019-09-18 10:48:39
1411,1,2019-09-18 10:48:39,2019-09-18 10:48:39
1412,2,2019-09-18 10:48:39,2019-09-18 10:48:39
1413,3,2019-09-18 10:48:39,2019-09-18 10:48:39
1414,4,2019-09-18 10:48:39,2019-09-18 10:48:39
1415,5,2019-09-18 10:48:39,2019-09-18 10:48:39
1416,6,2019-09-18 10:48:39,2019-09-18 10:48:39
1417,7,2019-09-18 10:48:39,2019-09-18 10:48:39
1418,8,2019-09-18 10:48:39,2019-09-18 10:48:39
1419,9,2019-09-18 10:48:39,2019-09-18 10:48:39
1420,0,2019-09-18 10:48:39,2019-09-18 10:48:39
1421,1,2019-09-18 10:48:39,2019-09-18 10:48:39
1422,2,2019-09-18 10:48:39,2019-09-18 10:48:39
1423,3,2019-09-18 10:48:39,2019-09-18 10:48:39
1424,4,2019-09-18 10:48:39,2019-09-18 10:48:39
1425,5,2019-09-18 10:48:39,2019-09-18 10:48:39
1426,6,2019-09-18 10:48:39,2019-09-18 10:48:39
1427,7,2019-09-18 10:48:39,2019-09-18 10:48:39
1428,8,2019-09-18 10:48:39,2019-09-18 10:48:39
1429,9,2019-09-18 10:48:39,2019-09-18 10:48:39
1430,0,2019-09-18 10:48:39,2019-09-18 10:48:39
1431,1,2019-09-18 10:48:39,2019-09-18 10:48:39
1432,2,2019-09-18 10:48:39,2019-09-18 10:48:39
1433,3,2019-09-18 10:48:39,2019-09-18 10:48:39
1434,4,2019-09-18 10:48:39,2019-09-18 10:48:39
1435,5,2019-09-18 10:48:39,2019-09-18 10:48:39
1436,6,2019-09-18 10:48:39,2019-09-18 10:48:39
1437,7,2019-09-18 10:48:39,2019-09-18 10:48:39
1438,8,2019-09-18 10:48:39,2019-09-18 10:48:39
1439,9,2019-09-18 10:48:39,2019-09-18 10:48:39
1440,0,2019-09-18 10:48:39,2019-09-18 10:48:39
1441,1,2019-09-18 10:48:39,2019-09-18 10:48:39
1442,2,2019-09-18 10:48:39,2019-09-18 10:48:39
1443,3,2019-09-18 10:48:39,2019-09-18 10:48:39
1444,4,2019-09-18 10:48:39,2019-09-18 10:48:39
1445,5,2019-09-18 10:48:39,2019-09-18 10:48:39
1446,6,2019-09-18 10:48:39,2019-09-18 10:48:39
1447,7,2019-09-18 10:48:39,2019-09-18 10:48:39
1448,8,2019-09-18 10:48:39,2019-09-18 10:48:39
1449,9,2019-09-18 10:48:39,2019-09-18 10:48:39
1450,0,2019-09-18 10:48:39,2019-09-18 10:48:39
1451,1,2019-09-18 10:48:39,2019-09-18 10:48:39
1452,2,2019-09-18 10:48:39,2019-09-18 10:48:39
1453,3,2019-09-18 10:48:39,2019-09-18 10:48:39
1454,4,2019-09-18 10:48:39,2019-09-18 10:48:39
1455,5,2019-09-18 10:48:39,2019-09-18 10:48:39
1456,6,2019-09-18 10:48:39,2019-09-18 10:48:39
1457,7,2019-09-18 10:48:39,2019-09-18 10:48:39
1458,8,2019-09-18 10:48:39,2019-09-18 10:48:39
1459,9,2019-09-18 10:48:39,2019-09-18 10:48:39
1460,0,2019-09-18 10:48:39,2019-09-18 10:48:39
1461,1,2019-09-18 10:48:39,2019-09-18 10:48:39
1462,2,2019-09-18 10:48:39,2019-09-18 10:48:39
1463,3,2019-09-18 10:48:39,2019-09-18 10:48:39
1464,4,2019-09-18 10:48:39,2019-09-18 10:48:39
1465,5,2019-09-18 10:48:39,2019-09-18 10:48:39
1466,6,2019-09-18 10:48:39,2019-09-18 10:48:39
1467,7,2019-09-18 10:48:39,2019-09-18 10:48:39
1468,8,2019-09-18 10:48:39,2019-09-18 10:48:39
1469,9,2019-09-18 10:48:39,2019-09-18 10:48:39
1470,0,2019-09-18 10:48:39,2019-09-18 10:48:39
1471,1,2019-09-18 10:48:39,2019-09-18 10:48:39
1472,2,2019-09-18 10:48:39,2019-09-18 10:48:39
1473,3,2019-09-18 10:48:39,2019-09-18 10:48:39
1474,4,2019-09-18 10:48:39,2019-09-18 10:48:39
1475,5,2019-09-18 10:48:39,2019-09-18 10:48:39
1476,6,2019-09-18 10:48:39,2019-09-18 10:48:39
1477,7,2019-09-18 10:48:39,2019-09-18 10:48:39
1478,8,2019-09-18 10:48:39,2019-09-18 10:48:39
1479,9,2019-09-18 10:48:39,2019-09-18 10:48:39
1480,0,2019-09-18 10:48:39,2019-09-18 10:48:39
1481,1,2019-09-18 10:48:39,2019-09-18 10:48:39
1482,2,2019-09-18 10:48:39,2019-09-18 10:48:39
1483,3,2019-09-18 10:48:39,2019-09-18 10:48:39
1484,4,2019-09-18 10:48:39,2019-09-18 10:48:39
1485,5,2019-09-18 10:48:39,2019-09-18 10:48:39
1486,6,2019-09-18 10:48:39,2019-09-18 10:48:39
1487,7,2019-09-18 10:48:39,2019-09-18 10:48:39
1488,8,2019-09-18 10:48:39,2019-09-18 10:48:39
1489,9,2019-09-18 10:48:39,2019-09-18 10:48:39
1490,0,2019-09-18 10:48:39,2019-09-18 10:48:39
1491,1,2019-09-18 10:48:39,2019-09-18 10:48:39
1492,2,2019-09-18 10:48:39,2019-09-18 10:48:39
1493,3,2019-09-18 10:48:39,2019-09-18 10:48:39
1494,4,2019-09-18 10:48:39,2019-09-18 10:48:39
1495,5,2019-09-18 10:48:39,2019-09-18 10:48:39
1496,6,2019-09-18 10:48:39,2019-09-18 10:48:39
1497,7,2019-09-18 10:48:39,2019-09-18 10:48:39
1498,8,2019-09-18 10:48:39,2019-09-18 10:48:39
1499,9,2019-09-18 10:48:39,2019-09-18 10:48:39
1500,0,2019-09-18 10:48:39,2019-09-18 10:48:39
1501,1,2019-09-18 10:48:39,2019-09-18 10:48:39
1502,2,2019-09-18 10:48:39,2019-09-18 10:48:39
1503,3,2019-09-18 10:48:39,2019-09-18 10:48:39
1504,4,2019-09-18 10:48:39,2019-09-18 10:48:39
1505,5,2019-09-18 10:48:39,2019-09-18 10:48:39
1506,6,2019-09-18 10:48:39,2019-09-18 10:48:39
1507,7,2019-09-18 10:48:39,2019-09-18 10:48:39
1508,8,2019-09-18 10:48:39,2019-09-18 10:48:39
1509,9,2019-09-18 10:48:39,2019-09-18 10:48:39
1510,0,2019-09-18 10:48:39,2019-09-18 10:48:39
1511,1,2019-09-18 10:48:39,2019-09-18 10:48:39
1512,2,2019-09-18 10:48:39,2019-09-18 10:48:39
1513,3,2019-09-18 10:48:39,2019-09-18 10:48:39
1514,4,2019-09-18 10:48:39,2019-09-18 10:48:39
1515,5,2019-09-18 10:48:39,2019-09-18 10:48:39
1516,6,2019-09-18 10:48:39,2019-09-18 10:48:39
1517,7,2019-09-18 10:48:39,2019-09-18 10:48:39
1518,8,2019-09-18 10:48:39,2019-09-18 10:48:39
1519,9,2019-09-18 10:48:39,2019-09-18 10:48:39
1520,0,2019-09-18 10:48:39,2019-09-18 10:48:39
1521,1,2019-09-18 10:48:39,2019-09-18 10:48:39
1522,2,2019-09-18 10:48:39,2019-09-18 10:48:39
1523,3,2019-09-18 10:48:39,2019-09-18 10:48:39
1524,4,2019-09-18 10:48:39,2019-09-18 10:48:39
1525,5,2019-09-18 10:48:39,2019-09-18 10:48:39
1526,6,2019-09-18 10:48:39,2019-09-18 10:48:39
1527,7,2019-09-18 10:48:39,2019-09-18 10:48:39
1528,8,2019-09-18 10:48:39,2019-09-18 10:48:39
1529,9,2019-09-18 10:48:39,2019-09-18 10:48:39
1530,0,2019-09-18 10:48:39,2019-09-18 10:48:39
1531,1,2019-09-18 10:48:39,2019-09-18 10:48:39
1532,2,2019-09-18 10:48:39,2019-09-18 10:48:39
1533,3,2019-09-18 10:48:39,2019-09-18 10:48:39
1534,4,2019-09-18 10:48:39,2019-09-18 10:48:39
1535,5,2019-09-18 10:48:39,2019-09-18 10:48:39
1536,6,2019-09-18 10:48:39,2019-09-18 10:48:39
1537,7,2019-09-18 10:48:39,2019-09-18 10:48:39
1538,8,2019-09-18 10:48:39,2019-09-18 10:48:39
1539,9,2019-09-18 10:48:39,2019-09-18 10:48:39
1540,0,2019-09-18 10:48:39,2019-09-18 10:48:39
1541,1,2019-09-18 10:48:39,2019-09-18 10:48:39
1542,2,2019-09-18 10:48:39,2019-09-18 10:48:39
1543,3,2019-09-18 10:48:39,2019-09-18 10:48:39
1544,4,2019-09-18 10:48:39,2019-09-18 10:48:39
1545,5,2019-09-18 10:48:39,2019-09-18 10:48:39
1546,6,2019-09-18 10:48:39,2019-09-18 10:48:39
1547,7,2019-09-18 10:48:39,2019-09-18 10:48:39
1548,8,2019-09-18 10:48:39,2019-09-18 10:48:39
1549,9,2019-09-18 10:48:39,2019-09-18 10:48:39
1550,0,2019-09-18 10:48:39,2019-09-18 10:48:39
1551,1,2019-09-18 10:48:39,2019-09-18 10:48:39
1552,2,2019-09-18 10:48:39,2019-09-18 10:48:39
1553,3,2019-09-18 10:48:39,2019-09-18 10:48:39
1554,4,2019-09-18 10:48:39,2019-09-18 10:48:39
1555,5,2019-09-18 10:48:39,2019-09-18 10:48:39
1556,6,2019-09-18 10:48:39,2019-09-18 10:48:39
1557,7,2019-09-18 10:48:39,2019-09-18 10:48:39
1558,8,2019-09-18 10:48:39,2019-09-18 10:48:39
1559,9,2019-09-18 10:48:39,2019-09-18 10:48:39
1560,0,2019-09-18 10:48:39,2019-09-18 10:48:39
1561,1,2019-09-18 10:48:39,2019-09-18 10:48:39
1562,2,2019-09-18 10:48:39,2019-09-18 10:48:39
1563,3,2019-09-18 10:48:39,2019-09-18 10:48:39
1564,4,2019-09-18 10:48:39,2019-09-18 10:48:39
1565,5,2019-09-18 10:48:39,2019-09-18 10:48:39
1566,6,2019-09-18 10:48:39,2019-09-18 10:48:39
1567,7,2019-09-18 10:48:39,2019-09-18 10:48:39
1568,8,2019-09-18 10:48:39,2019-09-18 10:48:39
1569,9,2019-09-18 10:48:39,2019-09-18 10:48:39
1570,0,2019-09-18 10:48:39,2019-09-18 10:48:39
1571,1,2019-09-18 10:48:39,2019-09-18 10:48:39
1572,2,2019-09-18 10:48:39,2019-09-18 10:48:39
1573,3,2019-09-18 10:48:39,2019-09-18 10:48:39
1574,4,2019-09-18 10:48:39,2019-09-18 10:48:39
1575,5,2019-09-18 10:48:39,2019-09-18 10:48:39
1576,6,2019-09-18 10:48:39,2019-09-18 10:48:39
1577,7,2019-09-18 10:48:39,2019-09-18 10:48:39
1578,8,2019-09-18 10:48:39,2019-09-18 10:48:39
1579,9,2019-09-18 10:48:39,2019-09-18 10:48:39
1580,0,2019-09-18 10:48:39,2019-09-18 10:48:39
1581,1,2019-09-18 10:48:39,2019-09-18 10:48:39
1582,2,2019-09-18 10:48:39,2019-09-18 10:48:39
1583,3,2019-09-18 10:48:39,2019-09-18 10:48:39
1584,4,2019-09-18 10:48:39,2019-09-18 10:48:39
1585,5,2019-09-18 10:48:39,2019-09-18 10:48:39
1586,6,2019-09-18 10:48:39,2019-09-18 10:48:39
1587,7,2019-09-18 10:48:39,2019-09-18 10:48:39
1588,8,2019-09-18 10:48:39,2019-09-18 10:48:39
1589,9,2019-09-18 10:48:39,2019-09-18 10:48:39
1590,0,2019-09-18 10:48:39,2019-09-18 10:48:39
1591,1,2019-09-18 10:48:39,2019-09-18 10:48:39
1592,2,2019-09-18 10:48:39,2019-09-18 10:48:39
1593,3,2019-09-18 10:48:39,2019-09-18 10:48:39
1594,4,2019-09-18 10:48:39,2019-09-18 10:48:39
1595,5,2019-09-18 10:48:39,2019-09-18 10:48:39
1596,6,2019-09-18 10:48:39,2019-09-18 10:48:39
1597,7,2019-09-18 10:48:39,2019-09-18 10:48:39
1598,8,2019-09-18 10:48:39,2019-09-18 10:48:39
1599,9,2019-09-18 10:48:39,2019-09-18 10:48:39
1600,0,2019-09-18 10:48:39,2019-09-18 10:48:39
1601,1,2019-09-18 10:48:39,2019-09-18 10:48:39
1602,2,2019-09-18 10:48:39,2019-09-18 10:48:39
1603,3,2019-09-18 10:48:39,2019-09-18 10:48:39
1604,4,2019-09-18 10:48:39,2019-09-18 10:48:39
1605,5,2019-09-18 10:48:39,2019-09-18 10:48:39
1606,6,2019-09-18 10:48:39,2019-09-18 10:48:39
1607,7,2019-09-18 10:48:39,2019-09-18 10:48:39
1608,8,2019-09-18 10:48:39,2019-09-18 10:48:39
1609,9,2019-09-18 10:48:39,2019-09-18 10:48:39
1610,0,2019-09-18 10:48:39,2019-09-18 10:48:39
1611,1,2019-09-18 10:48:39,2019-09-18 10:48:39
1612,2,2019-09-18 10:48:39,2019-09-18 10:48:39
1613,3,2019-09-18 10:48:39,2019-09-18 10:48:39
1614,4,2019-09-18 10:48:39,2019-09-18 10:48:39
1615,5,2019-09-18 10:48:39,2019-09-18 10:48:39
1616,6,2019-09-18 10:48:39,2019-09-18 10:48:39
1617,7,2019-09-18 10:48:39,2019-09-18 10:48:39
1618,8,2019-09-18 10:48:39,2019-09-18 10:48:39
1619,9,2019-09-18 10:48:39,2019-09-18 10:48:39
1620,0,2019-09-18 10:48:39,2019-09-18 10:48:39
1621,1,2019-09-18 10:48:39,2019-09-18 10:48:39
1622,2,2019-09-18 10:48:39,2019-09-18 10:48:39
1623,3,2019-09-18 10:48:39,2019-09-18 10:48:39
1624,4,2019-09-18 10:48:39,2019-09-18 10:48:39
1625,5,2019-09-18 10:48:39,2019-09-18 10:48:39
1626,6,2019-09-18 10:48:39,2019-09-18 10:48:39
1627,7,2019-09-18 10:48:39,2019-09-18 10:48:39
1628,8,2019-09-18 10:48:39,2019-09-18 10:48:39
1629,9,2019-09-18 10:48:39,2019-09-18 10:48:39
1630,0,2019-09-18 10:48:39,2019-09-18 10:48:39
1631,1,2019-09-18 10:48:39,2019-09-18 10:48:39
1632,2,2019-09-18 10:48:39,2019-09-18 10:48:39
1633,3,2019-09-18 10:48:39,2019-09-18 10:48:39
1634,4,2019-09-18 10:48:39,2019-09-18 10:48:39
1635,5,2019-09-18 10:48:39,2019-09-18 10:48:39
1636,6,2019-09-18 10:48:39,2019-09-18 10:48:39
1637,7,2019-09-18 10:48:39,2019-09-18 10:48:39
1638,8,2019-09-18 10:48:39,2019-09-18 10:48:39
1639,9,2019-09-18 10:48:39,2019-09-18 10:48:39
1640,0,2019-09-18 10:48:39,2019-09-18 10:48:39
1641,1,2019-09-18 10:48:39,2019-09-18 10:48:39
1642,2,2019-09-18 10:48:39,2019-09-18 10:48:39
1643,3,2019-09-18 10:48:39,2019-09-18 10:48:39
1644,4,2019-09-18 10:48:39,2019-09-18 10:48:39
1645,5,2019-09-18 10:48:39,2019-09-18 10:48:39
1646,6,2019-09-18 10:48:39,2019-09-18 10:48:39
1647,7,2019-09-18 10:48:39,2019-09-18 10:48:39
1648,8,2019-09-18 10:48:39,2019-09-18 10:48:39
1649,9,2019-09-18 10:48:39,2019-09-18 10:48:39
1650,0,2019-09-18 10:48:39,2019-09-18 10:48:39
1651,1,2019-09-18 10:48:39,2019-09-18 10:48:39
1652,2,2019-09-18 10:48:39,2019-09-18 10:48:39
1653,3,2019-09-18 10:48:39,2019-09-18 10:48:39
1654,4,2019-09-18 10:48:39,2019-09-18 10:48:39
1655,5,2019-09-18 10:48:39,2019-09-18 10:48:39
1656,6,2019-09-18 10:48:39,2019-09-18 10:48:39
1657,7,2019-09-18 10:48:39,2019-09-18 10:48:39
1658,8,2019-09-18 10:48:39,2019-09-18 10:48:39
1659,9,2019-09-18 10:48:39,2019-09-18 10:48:39
1660,0,2019-09-18 10:48:39,2019-09-18 10:48:39
1661,1,2019-09-18 10:48:39,2019-09-18 10:48:39
1662,2,2019-09-18 10:48:39,2019-09-18 10:48:39
1663,3,2019-09-18 10:48:39,2019-09-18 10:48:39
1664,4,2019-09-18 10:48:39,2019-09-18 10:48:39
1665,5,2019-09-18 10:48:39,2019-09-18 10:48:39
1666,6,2019-09-18 10:48:39,2019-09-18 10:48:39
1667,7,2019-09-18 10:48:39,2019-09-18 10:48:39
1668,8,2019-09-18 10:48:39,2019-09-18 10:48:39
1669,9,2019-09-18 10:48:39,2019-09-18 10:48:39
1670,0,2019-09-18 10:48:39,2019-09-18 10:48:39
1671,1,2019-09-18 10:48:39,2019-09-18 10:48:39
1672,2,2019-09-18 10:48:39,2019-09-18 10:48:39
1673,3,2019-09-18 10:48:39,2019-09-18 10:48:39
1674,4,2019-09-18 10:48:39,2019-09-18 10:48:39
1675,5,2019-09-18 10:48:39,2019-09-18 10:48:39
1676,6,2019-09-18 10:48:39,2019-09-18 10:48:39
1677,7,2019-09-18 10:48:39,2019-09-18 10:48:39
1678,8,2019-09-18 10:48:39,2019-09-18 10:48:39
1679,9,2019-09-18 10:48:39,2019-09-18 10:48:39
1680,0,2019-09-18 10:48:39,2019-09-18 10:48:39
1681,1,2019-09-18 10:48:39,2019-09-18 10:48:39
1682,2,2019-09-18 10:48:39,2019-09-18 10:48:39
1683,3,2019-09-18 10:48:39,2019-09-18 10:48:39
1684,4,2019-09-18 10:48:39,2019-09-18 10:48:39
1685,5,2019-09-18 10:48:39,2019-09-18 10:48:39
1686,6,2019-09-18 10:48:39,2019-09-18 10:48:39
1687,7,2019-09-18 10:48:39,2019-09-18 10:48:39
1688,8,2019-09-18 10:48:39,2019-09-18 10:48:39
1689,9,2019-09-18 10:48:39,2019-09-18 10:48:39
1690,0,2019-09-18 10:48:39,2019-09-18 10:48:39
1691,1,2019-09-18 10:48:39,2019-09-18 10:48:39
1692,2,2019-09-18 10:48:39,2019-09-18 10:48:39
1693,3,2019-09-18 10:48:39,2019-09-18 10:48:39
1694,4,2019-09-18 10:48:39,2019-09-18 10:48:39
1695,5,2019-09-18 10:48:39,2019-09-18 10:48:39
1696,6,2019-09-18 10:48:39,2019-09-18 10:48:39
1697,7,2019-09-18 10:48:39,2019-09-18 10:48:39
1698,8,2019-09-18 10:48:39,2019-09-18 10:48:39
1699,9,2019-09-18 10:48:39,2019-09-18 10:48:39
1700,0,2019-09-18 10:48:39,2019-09-18 10:48:39
1701,1,2019-09-18 10:48:39,2019-09-18 10:48:39
1702,2,2019-09-18 10:48:39,2019-09-18 10:48:39
1703,3,2019-09-18 10:48:39,2019-09-18 10:48:39
1704,4,2019-09-18 10:48:39,2019-09-18 10:48:39
1705,5,2019-09-18 10:48:39,2019-09-18 10:48:39
1706,6,2019-09-18 10:48:39,2019-09-18 10:48:39
1707,7,2019-09-18 10:48:39,2019-09-18 10:48:39
1708,8,2019-09-18 10:48:39,2019-09-18 10:48:39
1709,9,2019-09-18 10:48:39,2019-09-18 10:48:39
1710,0,2019-09-18 10:48:39,2019-09-18 10:48:39
1711,1,2019-09-18 10:48:39,2019-09-18 10:48:39
1712,2,2019-09-18 10:48:39,2019-09-18 10:48:39
1713,3,2019-09-18 10:48:39,2019-09-18 10:48:39
1714,4,2019-09-18 10:48:39,2019-09-18 10:48:39
1715,5,2019-09-18 10:48:39,2019-09-18 10:48:39
1716,6,2019-09-18 10:48:39,2019-09-18 10:48:39
1717,7,2019-09-18 10:48:39,2019-09-18 10:48:39
1718,8,2019-09-18 10:48:39,2019-09-18 10:48:39
1719,9,2019-09-18 10:48:39,2019-09-18 10:48:39
1720,0,2019-09-18 10:48:39,2019-09-18 10:48:39
1721,1,2019-09-18 10:48:39,2019-09-18 10:48:39
1722,2,2019-09-18 10:48:39,2019-09-18 10:48:39
1723,3,2019-09-18 10:48:39,2019-09-18 10:48:39
1724,4,2019-09-18 10:48:39,2019-09-18 10:48:39
1725,5,2019-09-18 10:48:39,2019-09-18 10:48:39
1726,6,2019-09-18 10:48:39,2019-09-18 10:48:39
1727,7,2019-09-18 10:48:39,2019-09-18 10:48:39
1728,8,2019-09-18 10:48:39,2019-09-18 10:48:39
1729,9,2019-09-18 10:48:39,2019-09-18 10:48:39
1730,0,2019-09-18 10:48:39,2019-09-18 10:48:39
1731,1,2019-09-18 10:48:39,2019-09-18 10:48:39
1732,2,2019-09-18 10:48:39,2019-09-18 10:48:39
1733,3,2019-09-18 10:48:39,2019-09-18 10:48:39
1734,4,2019-09-18 10:48:39,2019-09-18 10:48:39
1735,5,2019-09-18 10:48:39,2019-09-18 10:48:39
1736,6,2019-09-18 10:48:39,2019-09-18 10:48:39
1737,7,2019-09-18 10:48:39,2019-09-18 10:48:39
1738,8,2019-09-18 10:48:39,2019-09-18 10:48:39
1739,9,2019-09-18 10:48:39,2019-09-18 10:48:39
1740,0,2019-09-18 10:48:39,2019-09-18 10:48:39
1741,1,2019-09-18 10:48:39,2019-09-18 10:48:39
1742,2,2019-09-18 10:48:39,2019-09-18 10:48:39
1743,3,2019-09-18 10:48:39,2019-09-18 10:48:39
1744,4,2019-09-18 10:48:39,2019-09-18 10:48:39
1745,5,2019-09-18 10:48:39,2019-09-18 10:48:39
1746,6,2019-09-18 10:48:39,2019-09-18 10:48:39
1747,7,2019-09-18 10:48:39,2019-09-18 10:48:39
1748,8,2019-09-18 10:48:39,2019-09-18 10:48:39
1749,9,2019-09-18 10:48:39,2019-09-18 10:48:39
1750,0,2019-09-18 10:48:39,2019-09-18 10:48:39
1751,1,2019-09-18 10:48:39,2019-09-18 10:48:39
1752,2,2019-09-18 10:48:39,2019-09-18 10:48:39
1753,3,2019-09-18 10:48:39,2019-09-18 10:48:39
1754,4,2019-09-18 10:48:39,2019-09-18 10:48:39
1755,5,2019-09-18 10:48:39,2019-09-18 10:48:39
1756,6,2019-09-18 10:48:39,2019-09-18 10:48:39
1757,7,2019-09-18 10:48:39,2019-09-18 10:48:39
1758,8,2019-09-18 10:48:39,2019-09-18 10:48:39
1759,9,2019-09-18 10:48:39,2019-09-18 10:48:39
1760,0,2019-09-18 10:48:39,2019-09-18 10:48:39
1761,1,2019-09-18 10:48:39,2019-09-18 10:48:39
1762,2,2019-09-18 10:48:39,2019-09-18 10:48:39
1763,3,2019-09-18 10:48:39,2019-09-18 10:48:39
1764,4,2019-09-18 10:48:39,2019-09-18 10:48:39
1765,5,2019-09-18 10:48:39,2019-09-18 10:48:39
1766,6,2019-09-18 10:48:39,2019-09-18 10:48:39
1767,7,2019-09-18 10:48:39,2019-09-18 10:48:39
1768,8,2019-09-18 10:48:39,2019-09-18 10:48:39
1769,9,2019-09-18 10:48:39,2019-09-18 10:48:39
1770,0,2019-09-18 10:48:39,2019-09-18 10:48:39
1771,1,2019-09-18 10:48:39,2019-09-18 10:48:39
1772,2,2019-09-18 10:48:39,2019-09-18 10:48:39
1773,3,2019-09-18 10:48:39,2019-09-18 10:48:39
1774,4,2019-09-18 10:48:39,2019-09-18 10:48:39
1775,5,2019-09-18 10:48:39,2019-09-18 10:48:39
1776,6,2019-09-18 10:48:39,2019-09-18 10:48:39
1777,7,2019-09-18 10:48:39,2019-09-18 10:48:39
1778,8,2019-09-18 10:48:39,2019-09-18 10:48:39
1779,9,2019-09-18 10:48:39,2019-09-18 10:48:39
1780,0,2019-09-18 10:48:39,2019-09-18 10:48:39
1781,1,2019-09-18 10:48:39,2019-09-18 10:48:39
1782,2,2019-09-18 10:48:39,2019-09-18 10:48:39
1783,3,2019-09-18 10:48:39,2019-09-18 10:48:39
1784,4,2019-09-18 10:48:39,2019-09-18 10:48:39
1785,5,2019-09-18 10:48:39,2019-09-18 10:48:39
1786,6,2019-09-18 10:48:39,2019-09-18 10:48:39
1787,7,2019-09-18 10:48:39,2019-09-18 10:48:39
1788,8,2019-09-18 10:48:39,2019-09-18 10:48:39
1789,9,2019-09-18 10:48:39,2019-09-18 10:48:39
1790,0,2019-09-18 10:48:39,2019-09-18 10:48:39
1791,1,2019-09-18 10:48:39,2019-09-18 10:48:39
1792,2,2019-09-18 10:48:39,2019-09-18 10:48:39
1793,3,2019-09-18 10:48:39,2019-09-18 10:48:39
1794,4,2019-09-18 10:48:39,2019-09-18 10:48:39
1795,5,2019-09-18 10:48:39,2019-09-18 10:48:39
1796,6,2019-09-18 10:48:39,2019-09-18 10:48:39
1797,7,2019-09-18 10:48:39,2019-09-18 10:48:39
1798,8,2019-09-18 10:48:39,2019-09-18 10:48:39
1799,9,2019-09-18 10:48:39,2019-09-18 10:48:39
1800,0,2019-09-18 10:48:39,2019-09-18 10:48:39
1801,1,2019-09-18 10:48:39,2019-09-18 10:48:39
1802,2,2019-09-18 10:48:39,2019-09-18 10:48:39
1803,3,2019-09-18 10:48:39,2019-09-18 10:48:39
1804,4,2019-09-18 10:48:39,2019-09-18 10:48:39
1805,5,2019-09-18 10:48:39,2019-09-18 10:48:39
1806,6,2019-09-18 10:48:39,2019-09-18 10:48:39
1807,7,2019-09-18 10:48:39,2019-09-18 10:48:39
1808,8,2019-09-18 10:48:39,2019-09-18 10:48:39
1809,9,2019-09-18 10:48:39,2019-09-18 10:48:39
1810,0,2019-09-18 10:48:39,2019-09-18 10:48:39
1811,1,2019-09-18 10:48:39,2019-09-18 10:48:39
1812,2,2019-09-18 10:48:39,2019-09-18 10:48:39
1813,3,2019-09-18 10:48:39,2019-09-18 10:48:39
1814,4,2019-09-18 10:48:39,2019-09-18 10:48:39
1815,5,2019-09-18 10:48:39,2019-09-18 10:48:39
1816,6,2019-09-18 10:48:39,2019-09-18 10:48:39
1817,7,2019-09-18 10:48:39,2019-09-18 10:48:39
1818,8,2019-09-18 10:48:39,2019-09-18 10:48:39
1819,9,2019-09-18 10:48:39,2019-09-18 10:48:39
1820,0,2019-09-18 10:48:39,2019-09-18 10:48:39
1821,1,2019-09-18 10:48:39,2019-09-18 10:48:39
1822,2,2019-09-18 10:48:39,2019-09-18 10:48:39
1823,3,2019-09-18 10:48:39,2019-09-18 10:48:39
1824,4,2019-09-18 10:48:39,2019-09-18 10:48:39
1825,5,2019-09-18 10:48:39,2019-09-18 10:48:39
1826,6,2019-09-18 10:48:39,2019-09-18 10:48:39
1827,7,2019-09-18 10:48:39,2019-09-18 10:48:39
1828,8,2019-09-18 10:48:39,2019-09-18 10:48:39
1829,9,2019-09-18 10:48:39,2019-09-18 10:48:39
1830,0,2019-09-18 10:48:39,2019-09-18 10:48:39
1831,1,2019-09-18 10:48:39,2019-09-18 10:48:39
1832,2,2019-09-18 10:48:39,2019-09-18 10:48:39
1833,3,2019-09-18 10:48:39,2019-09-18 10:48:39
1834,4,2019-09-18 10:48:39,2019-09-18 10:48:39
1835,5,2019-09-18 10:48:39,2019-09-18 10:48:39
1836,6,2019-09-18 10:48:39,2019-09-18 10:48:39
1837,7,2019-09-18 10:48:39,2019-09-18 10:48:39
1838,8,2019-09-18 10:48:39,2019-09-18 10:48:39
1839,9,2019-09-18 10:48:39,2019-09-18 10:48:39
1840,0,2019-09-18 10:48:39,2019-09-18 10:48:39
1841,1,2019-09-18 10:48:39,2019-09-18 10:48:39
1842,2,2019-09-18 10:48:39,2019-09-18 10:48:39
1843,3,2019-09-18 10:48:39,2019-09-18 10:48:39
1844,4,2019-09-18 10:48:39,2019-09-18 10:48:39
1845,5,2019-09-18 10:48:39,2019-09-18 10:48:39
1846,6,2019-09-18 10:48:39,2019-09-18 10:48:39
1847,7,2019-09-18 10:48:39,2019-09-18 10:48:39
1848,8,2019-09-18 10:48:39,2019-09-18 10:48:39
1849,9,2019-09-18 10:48:39,2019-09-18 10:48:39
1850,0,2019-09-18 10:48:39,2019-09-18 10:48:39
1851,1,2019-09-18 10:48:39,2019-09-18 10:48:39
1852,2,2019-09-18 10:48:39,2019-09-18 10:48:39
1853,3,2019-09-18 10:48:39,2019-09-18 10:48:39
1854,4,2019-09-18 10:48:39,2019-09-18 10:48:39
1855,5,2019-09-18 10:48:39,2019-09-18 10:48:39
1856,6,2019-09-18 10:48:39,2019-09-18 10:48:39
1857,7,2019-09-18 10:48:39,2019-09-18 10:48:39
1858,8,2019-09-18 10:48:39,2019-09-18 10:48:39
1859,9,2019-09-18 10:48:39,2019-09-18 10:48:39
1860,0,2019-09-18 10:48:39,2019-09-18 10:48:39
1861,1,2019-09-18 10:48:39,2019-09-18 10:48:39
1862,2,2019-09-18 10:48:39,2019-09-18 10:48:39
1863,3,2019-09-18 10:48:39,2019-09-18 10:48:39
1864,4,2019-09-18 10:48:39,2019-09-18 10:48:39
1865,5,2019-09-18 10:48:39,2019-09-18 10:48:39
1866,6,2019-09-18 10:48:39,2019-09-18 10:48:39
1867,7,2019-09-18 10:48:39,2019-09-18 10:48:39
1868,8,2019-09-18 10:48:39,2019-09-18 10:48:39
1869,9,2019-09-18 10:48:39,2019-09-18 10:48:39
1870,0,2019-09-18 10:48:39,2019-09-18 10:48:39
1871,1,2019-09-18 10:48:39,2019-09-18 10:48:39
1872,2,2019-09-18 10:48:39,2019-09-18 10:48:39
1873,3,2019-09-18 10:48:39,2019-09-18 10:48:39
1874,4,2019-09-18 10:48:39,2019-09-18 10:48:39
1875,5,2019-09-18 10:48:39,2019-09-18 10:48:39
1876,6,2019-09-18 10:48:39,2019-09-18 10:48:39
1877,7,2019-09-18 10:48:39,2019-09-18 10:48:39
1878,8,2019-09-18 10:48:39,2019-09-18 10:48:39
1879,9,2019-09-18 10:48:39,2019-09-18 10:48:39
1880,0,2019-09-18 10:48:39,2019-09-18 10:48:39
1881,1,2019-09-18 10:48:39,2019-09-18 10:48:39
1882,2,2019-09-18 10:48:39,2019-09-18 10:48:39
1883,3,2019-09-18 10:48:39,2019-09-18 10:48:39
1884,4,2019-09-18 10:48:39,2019-09-18 10:48:39
1885,5,2019-09-18 10:48:39,2019-09-18 10:48:39
1886,6,2019-09-18 10:48:39,2019-09-18 10:48:39
1887,7,2019-09-18 10:48:39,2019-09-18 10:48:39
1888,8,2019-09-18 10:48:39,2019-09-18 10:48:39
1889,9,2019-09-18 10:48:39,2019-09-18 10:48:39
1890,0,2019-09-18 10:48:39,2019-09-18 10:48:39
1891,1,2019-09-18 10:48:39,2019-09-18 10:48:39
1892,2,2019-09-18 10:48:39,2019-09-18 10:48:39
1893,3,2019-09-18 10:48:39,2019-09-18 10:48:39
1894,4,2019-09-18 10:48:39,2019-09-18 10:48:39
1895,5,2019-09-18 10:48:39,2019-09-18 10:48:39
1896,6,2019-09-18 10:48:39,2019-09-18 10:48:39
1897,7,2019-09-18 10:48:39,2019-09-18 10:48:39
1898,8,2019-09-18 10:48:39,2019-09-18 10:48:39
1899,9,2019-09-18 10:48:39,2019-09-18 10:48:39
